,Rooms,Floors,Bedrooms,Living,Type,Condition,Standing,Construction year,Renovation year,Heating,Hot water,Energy efficiency rating,Environmental (CO₂) impact rating,Total,Hot water waste,Bathrooms,Toilet rooms,Shower rooms,Land,Balconies,Balcony,Parking lots (outside),Parking lots (inside),Internal,Terraces,Garages (outside),Environment
0,2,4.0,1.0,50.0,Condo/Apartment,New,High luxury,1880.0,2023.0,"Central, Gas",Individual,E291,D48,,,,,,,,,,,,,,
1,4,6.0,2.0,68.0,Condo/Apartment,Excellent condition,,1895.0,2020.0,"Central, Common, Gas",Collective,D210,B6,70 m²,,,,,,,,,,,,,
2,3,,2.0,70.0,Condo/Apartment,New,High luxury,1910.0,2024.0,"Central, Gas",,F350,C11,,,,,,,,,,,,,,
3,2,,1.0,61.0,Condo/Apartment,Requires renovation,Luxury,,,"Radiator, Common, Gas","Boiler, Collective",D246,D49,61 m²,Main drainage,,,,,,,,,,,,
4,4,6.0,2.0,108.0,Condo/Apartment,Good condition,,1898.0,,"Radiator, Common, Gas","Boiler, Collective",E229,E49,,Main drainage,,,,,,,,,,,,
5,4,6.0,2.0,92.2,Condo/Apartment,Requires renovation,High luxury,1928.0,,"Radiator, Common, Gas","Boiler, Collective",E244,E51,92.2 m²,Main drainage,,,,,,,,,,,,
6,3,6.0,2.0,90.1,Condo/Apartment,Requires renovation,Luxury,1900.0,,"Radiator, Common, Gas","Boiler, Collective",D149,D35,90.1 m²,Main drainage,,,,,,,,,,,,
7,4,,3.0,99.42,Condo/Apartment,New,,1970.0,2020.0,,"Boiler, Collective",E271,F63,107 m²,Main drainage,,,,,,,,,,,,
8,1,6.0,1.0,10.29,Condo/Apartment,,,1908.0,,Radiant,Hot water tank,E431,B13,,,1.0,,,,,,,,,,,
9,1,7.0,,15.15,Condo/Apartment,,,1975.0,,Common,,No data,No data,,,,1.0,1.0,,,,,,,,,
10,2,4.0,1.0,58.5,Condo/Apartment,,,1900.0,,Electric,,F345,F11,,,1.0,,,,,,,,,,,
11,3,10.0,2.0,65.47,,,,,,,,D220,B7,,,1.0,,,,,,,,,,,
12,3,1.0,2.0,22.0,House,,,1980.0,,"Individual, Fuel oil",,No data,No data,,,,1.0,1.0,,,,,,,,,
13,1,7.0,,19.21,Condo/Apartment,,,1908.0,,"Individual, Electric",,G472,C15,,,,1.0,1.0,,,,,,,,,
14,1,6.0,,20.16,Condo/Apartment,,,,,"Individual, Electric",,G592,C19,,,1.0,,,,,,,,,,,
15,1,6.0,1.0,23.09,Condo/Apartment,,,1888.0,,"Individual, Electric",,No data,No data,,,,1.0,1.0,,,,,,,,,
16,1,1.0,,23.0,Condo/Apartment,,,,,Individual,,E296,B9,,,,1.0,1.0,,,,,,,,,
17,12,1.0,8.0,420.0,House,,,1770.0,,"Individual, Gas",,D194,D41,,,5.0,5.0,,4250 m²,,,,,,,,
18,3,1.0,2.0,52.0,House,,,2001.0,,"Individual, Fuel oil",,No data,No data,,,,2.0,2.0,,,,,,,,,
19,2,10.0,1.0,46.0,Condo/Apartment,,,,,"Individual, Gas",,No data,No data,,,1.0,1.0,,,,,,,,,,
20,2,6.0,1.0,40.14,Condo/Apartment,,,1930.0,,"Individual, Electric",,D228,B7,,,,1.0,1.0,,,,,,,,,
21,1,4.0,,14.56,Condo/Apartment,,,1800.0,,"Individual, Electric",,No data,No data,,,,1.0,1.0,,,,,,,,,
22,1,9.0,,31.0,Condo/Apartment,,,2020.0,,Common,,B61,B9,,,,,,,,,,,,,,
23,1,8.0,,11.0,Condo/Apartment,,,1952.0,,Common,,E329,E55,,,,,,,,,,,,,,
24,3,1.0,2.0,55.0,House,,,1925.0,,"Individual, Fuel oil",,No data,No data,,,,1.0,1.0,,,,,,,,,
25,3,1.0,2.0,35.0,House,,,1989.0,,"Individual, Fuel oil",,No data,No data,,,,1.0,1.0,,1.0,,,,,,,
26,7,6.0,4.0,200.0,Condo/Apartment,,,1920.0,,Individual,,D181,C28,,,2.0,3.0,1.0,,1.0,,,,,,,
27,3,1.0,2.0,79.0,House,,,1930.0,,"Individual, Fuel oil",,No data,No data,,,1.0,1.0,,,,,,,,,,
28,2,1.0,1.0,39.0,House,,,1966.0,,"Individual, Fuel oil",,No data,No data,,,1.0,1.0,,,1.0,,,,,,,
29,2,1.0,,38.0,House,,,1998.0,,"Individual, Fuel oil",,No data,No data,,,,1.0,1.0,,,,,,,,,
30,1,1.0,,21.08,Condo/Apartment,,,,,Common,,G636,G139,,,,1.0,1.0,,,,,,,,,
31,3,2.0,2.0,68.42,Condo/Apartment,,,1948.0,,"Individual, Electric",,D189,B6,,,1.0,1.0,,,,,,,,,,
32,2,6.0,1.0,38.51,Condo/Apartment,,,,,"Convector, Individual, Electric",,F355,B11,,,,1.0,1.0,,,,,,,,,
33,5,,3.0,128.0,,,,,,,,F334,C11,,,,,,,,,,,,,,
34,4,,3.0,82.0,,,,,,,,D217,D46,,,1.0,,,,,,,,,,,
35,1,,1.0,4.33,Condo/Apartment,Good condition,,1890.0,,"Radiator, Electric",,G893,C27,4.33 m²,,,,,,,,,,,,,
36,1,4.0,,26.1,Condo/Apartment,Requires renovation,,1700.0,,"Radiator, Individual, Electric","Hot water tank, Individual",D241,A7,26.1 m²,Main drainage,,,,,,,,,,,,
37,3,,2.0,64.0,Condo/Apartment,,,,,"Radiator, Individual, Electric",,No data,No data,,,,,1.0,,,,,,,,,
38,4,5.0,2.0,64.0,Condo/Apartment,,,1905.0,,"Radiator, Individual, Electric",,D234,B8,,,1.0,1.0,,,,,,,,,,
39,3,,1.0,51.2,Condo/Apartment,,,1880.0,,"Radiator, Common, Gas",,No data,No data,,,1.0,1.0,,,1.0,5.8 m²,,,,,,
40,3,7.0,2.0,76.12,Condo/Apartment,,,1972.0,,Common,,D159,D34,,,1.0,1.0,,,1.0,,,,,,,
41,4,13.0,3.0,68.07,Condo/Apartment,,,,,Common,,C132,C23,,,1.0,1.0,,,,,,,,,,
42,5,7.0,3.0,109.94,Condo/Apartment,,,1978.0,,"Common, Electric",,D211,B6,,,1.0,2.0,1.0,,,,,,,,,
43,3,8.0,2.0,47.0,Condo/Apartment,,,1910.0,,"Radiator, Individual, Gas",,E247,E53,,,,,,,,,,,,,,
44,5,9.0,3.0,155.74,Condo/Apartment,,,1926.0,,"Central, Common, Fuel oil","Hot water tank, Individual",E306,E67,,Main drainage,,,,,,,,,,,,
45,3,,2.0,49.8,,,,,,,,No data,No data,,,,,,,,,,,,,,
46,4,10.0,2.0,95.0,Condo/Apartment,,,,,"Radiator, Common, Gas",,D233,D33,,,1.0,2.0,,,2.0,8.52 m²,1.0,,,,,
47,2,,1.0,28.0,,,,,,,,G550,C18,,,,1.0,,,,,,,,,,
48,4,,3.0,115.0,Condo/Apartment,,,,,Electric,,C136,A4,,,1.0,2.0,,,,,,1.0,,,,
49,1,,,31.0,Condo/Apartment,,,,,Electric,,No data,No data,,,,1.0,,,,,,,,,,
50,4,,3.0,65.0,,,,,,,,D200,C27,,,1.0,1.0,,,,,,,,,,
51,1,,,20.0,,,,,,,,D255,D46,,,1.0,1.0,,,,,,,,,,
52,3,,2.0,46.0,,,,,,,,E251,D44,,,,1.0,,,,,,,,,,
53,2,,1.0,52.0,Condo/Apartment,,,,,Gas,,F372,E68,,,1.0,1.0,,,,,,,,,,
54,2,,1.0,46.0,Condo/Apartment,,,,,Electric,,D226,B7,,,,1.0,,,,,,,,,,
55,6,,4.0,121.0,Condo/Apartment,,,,,Gas,,C128,E47,,,,2.0,,,,,,,,,,
56,2,,1.0,39.0,Condo/Apartment,,,,,Electric,,G532,C17,,,,1.0,,,,,,,,,,
57,2,,1.0,33.0,Condo/Apartment,,,,,Electric,,D191,A6,,,1.0,1.0,,,,,,,,,,
58,6,5.0,4.0,113.78,Condo/Apartment,,,2004.0,,Gas,,C78,C13,113 m²,,2.0,2.0,,,,,1.0,1.0,,,,
59,5,6.0,3.0,97.0,Condo/Apartment,,,,,Gas,,D240,D45,97 m²,,2.0,1.0,,,,,,,,,,
60,2,6.0,1.0,54.0,Condo/Apartment,,,,,Electric,Hot water tank,D227,B7,54 m²,,1.0,1.0,,,,,1.0,1.0,,,,
61,1,13.0,,24.0,,,,,,,,D276,D48,24 m²,,1.0,,,,,,,,,,,
62,4,32.0,3.0,88.0,,,,,,,,D219,C27,88 m²,,2.0,2.0,,,,,1.0,1.0,,,,
63,6,5.0,5.0,113.78,Condo/Apartment,,,2004.0,,Gas,,C78,C13,113 m²,,2.0,2.0,,,,,1.0,1.0,,,,
64,4,32.0,3.0,88.0,,,,,,,,D219,C27,88 m²,,2.0,2.0,,,,,1.0,1.0,,,,
65,5,1.0,4.0,113.0,Condo/Apartment,,,,,Gas,Boiler,D229,D48,113 m²,,2.0,1.0,,,,,,,,,,
66,1,,,32.0,Condo/Apartment,,,,,Gas,,E321,E51,,,1.0,1.0,,,,,,,,,,
67,6,,3.0,150.0,Condo/Apartment,,,,,Gas,,E326,E62,,,1.0,2.0,,,,,,,,,,
68,1,,,20.0,,,,,,,,D247,A7,,,,,,,,,,,,,,
69,1,,,22.0,Condo/Apartment,,,,,Electric,,C161,B11,,,1.0,1.0,,,,,,,,,,
70,4,,3.0,111.0,,,,,,,,D247,D44,,,2.0,2.0,,,,,,,,,,
71,3,,2.0,82.0,Condo/Apartment,,,,,Electric,,E316,B10,,,1.0,1.0,,,,,,,,,,
72,3,,2.0,54.0,Condo/Apartment,,,,,Electric,,D234,B7,,,,1.0,,,,,,,,,,
73,3,,2.0,75.0,,,,,,,,E282,B9,,,1.0,1.0,,,,,,,,,,
74,5,,4.0,122.0,House,,,,,Gas,,E308,E68,,,1.0,2.0,,,,,,,,,,
75,3,,2.0,66.0,Condo/Apartment,,,,,Electric,,D201,B6,,,1.0,1.0,,,,,,,,,,
76,5,,3.0,148.0,Condo/Apartment,,,,,Gas,,No data,No data,,,1.0,2.0,,,,,,,,,,
77,3,,2.0,54.0,,,,,,,,No data,No data,,,,1.0,,,,,,,,,,
78,3,,2.0,64.0,,,,,,,,No data,No data,,,1.0,1.0,,,,,,,,,,
79,1,,,21.0,,,,,,,,A60,E60,,,,,,,,,,,,,,
80,1,,1.0,22.0,Condo/Apartment,,,,,Electric,,F408,C13,,,,1.0,,,,,,,,,,
81,1,,1.0,8.0,,,,,,,,No data,No data,,,,,,,,,,,,,,
82,1,,1.0,21.0,,,,,,,,No data,No data,,,,1.0,,,,,,,,,,
83,1,,,23.0,,,,,,,,No data,No data,,,,1.0,,,,,,,,,,
84,4,,2.0,85.0,Condo/Apartment,,,,,Gas,,D228,D42,,,,2.0,,,,,,,,,,
85,2,,1.0,32.0,Condo/Apartment,,,,,Electric,,G518,C17,32 m²,,1.0,1.0,,,,,,,11 m²,,,
86,3,,2.0,34.0,Condo/Apartment,,,,,Electric,,E328,B10,,,,1.0,,,,,,,,,,
87,2,,1.0,29.0,Condo/Apartment,,,,,Electric,,E328,B10,,,1.0,1.0,,,,,,,,,,
88,1,,,15.0,Condo/Apartment,,,,,Electric,,G655,C21,,,1.0,1.0,,,,,,,,,,
89,5,,3.0,108.0,,,,,,,,D199,C27,,,,2.0,,,,,,,,,,
90,2,,1.0,30.0,House,,,,,Electric,,E329,B10,,,1.0,1.0,,,,,,,,,,
91,2,,1.0,40.0,Condo/Apartment,,,,,Gas,,D207,D44,,,,1.0,,,,,,,,,,
92,2,,1.0,23.0,Condo/Apartment,,,,,Electric,,F412,C13,,,,1.0,,,,,,,,,,
93,1,,,32.0,Condo/Apartment,,,,,Electric,,E315,B10,,,1.0,,,,,,,,,,,
94,3,,1.0,84.0,Condo/Apartment,,,,,Solar,,E271,D38,,,1.0,1.0,,,,,,1.0,,,,
95,2,,1.0,84.0,Condo/Apartment,,,,,Solar,,E271,D38,,,1.0,1.0,,,,,,1.0,,,,
96,1,,,9.0,Condo/Apartment,,,,,Electric,,No data,No data,,,,,,,,,,,,,,
97,2,,,13.0,Condo/Apartment,,,,,Electric,,G831,C27,,,,,,,,,,,,,,
98,3,,2.0,46.0,Condo/Apartment,,,,,Gas,,F366,F80,,,1.0,1.0,,,,,,,,,,
99,3,,2.0,61.0,Condo/Apartment,,,,,Gas,,D229,D49,,,,1.0,,,,,,,,,,
100,3,,2.0,52.0,Condo/Apartment,,,,,Gas,,F346,F77,,,,1.0,,,,,,,,,,
101,3,,2.0,52.0,Condo/Apartment,,,,,Gas,,D173,D38,,,,1.0,,,,,,,,,,
102,4,,3.0,87.0,,,,,,,,E284,D37,,,2.0,1.0,,,,,,,,,,
103,4,,2.0,74.0,Condo/Apartment,,,,,Electric,,F378,C12,,,,2.0,,,,,,1.0,,,,
104,2,,1.0,48.0,,,,,,,,D231,D41,,,1.0,1.0,,,,,,,,,,
105,4,,3.0,102.0,Condo/Apartment,,,,,Solar,,D213,D35,,,1.0,1.0,,,,,,1.0,,,,
106,4,,3.0,76.0,Condo/Apartment,,,,,Gas,,D240,D43,,,,1.0,,,,,1.0,,,,,
107,2,,1.0,53.0,,,,,,,,E295,E46,,,1.0,1.0,,,,,,,,,,
108,1,,,7.0,,,,,,,,No data,No data,,,,1.0,,,,,,,,,,
109,2,,1.0,53.0,,,,,,,,D225,D46,,,,1.0,,,,,,,,,,
110,2,,1.0,53.0,,,,,,,,D211,D43,,,,1.0,,,,,,,,,,
111,2,,1.0,55.0,Condo/Apartment,,,,,Electric,,E315,B10,,,1.0,1.0,,,,,,,,,,
112,2,,1.0,37.0,Condo/Apartment,,,,,Electric,,E326,B10,,,1.0,1.0,,,,,,,,,,
113,3,,2.0,70.0,,,,,,,,D226,D48,,,1.0,1.0,,,,,,,,,,
114,2,,1.0,49.0,,,,,,,,D176,D31,,,1.0,1.0,,,,,,,,,,
115,3,,2.0,51.0,Condo/Apartment,,,,,Gas,,F350,F77,,,,1.0,,,,,,,,,,
116,2,,1.0,40.0,,,,,,,,E273,E59,,,1.0,1.0,,,,,,,,,,
117,3,,1.0,50.0,Condo/Apartment,,,,,Gas,,D224,D48,,,1.0,1.0,,,,,,,,,,
118,6,,3.0,145.0,,,,,,,,No data,No data,,,1.0,1.0,,,,,,,,,,
119,7,,5.0,184.0,House,,,,,Solar,,D227,B7,,,2.0,3.0,,,,,,2.0,,,,
120,3,,2.0,41.0,,,,,,,,F404,C13,,,1.0,1.0,,,,,,,,,,
121,3,,2.0,63.0,Condo/Apartment,,,,,Gas,,E236,E52,,,1.0,1.0,,,,,,,,,,
122,2,,1.0,35.0,,,,,,,,D192,A5,,,,1.0,,,,,,,,,,
123,2,,1.0,38.0,Condo/Apartment,,,,,Electric,,D222,B7,,,1.0,1.0,,,,,,,,,,
124,4,,3.0,80.0,,,,,,,,E287,E64,,,1.0,1.0,,,,,,,,,,
125,3,,2.0,81.0,Condo/Apartment,,,,,Electric,,D241,B7,,,,1.0,,,,,,,,,,
126,1,,,21.0,Condo/Apartment,,,,,Gas,,D180,A5,,,,1.0,,,,,,,,,,
127,2,,1.0,18.0,,,,,,,,G599,C19,18 m²,,1.0,,,,,,,,,,,
128,2,,,14.0,,,,,,,,E285,B8,14 m²,,,,,,,,,,,,,
129,2,7.0,,51.83,Condo/Apartment,,,1971.0,,,,E286,E62,51 m²,,1.0,1.0,,,,,,,21 m²,,,
130,1,,,37.0,Condo/Apartment,,,,,Gas,,C113,C26,,,,,,,,,,,,,,
131,2,,1.0,32.0,Condo/Apartment,,,,,Electric,,G518,C17,,,,1.0,,,,,,,,,,
132,3,,2.0,45.0,Condo/Apartment,New,,,,Electric,,No data,No data,,,,,,,,,,,,,,
133,2,,1.0,40.0,,,,,,,,No data,No data,,,,,,,,,,,,,,
134,2,,1.0,33.0,Condo/Apartment,,,,,Electric,,E330,C13,,,1.0,1.0,,,,,,,,,,
135,1,,,19.0,Condo/Apartment,,,,,Electric,,No data,No data,,,,2.0,,,,,,,,,,
136,3,,2.0,60.0,Condo/Apartment,,,,,Electric,,G726,C24,,,1.0,1.0,,,,,,,,,,
137,4,,2.0,80.0,Condo/Apartment,,,,,Electric,,E292,B10,,,1.0,2.0,,,,,,,,,,
138,3,,2.0,88.0,,,,,,,,D41,D42,,,1.0,1.0,,,,,,,,,,
139,3,,2.0,88.0,,,,,,,,D41,D42,,,1.0,1.0,,,,,,,,,,
140,5,,3.0,110.0,,,,,,,,C134,C28,,,1.0,1.0,,,,,,1.0,,,,
141,4,,2.0,85.0,,,,,,,,C173,A5,,,1.0,1.0,,,,,,,,,,
142,3,,2.0,76.0,Condo/Apartment,,,,,Electric,,F346,C11,,,,1.0,,,,,,,,,,
143,5,,4.0,116.0,Condo/Apartment,,,,,Gas,,D236,D48,,,1.0,2.0,,,,,,1.0,,,,
144,4,,2.0,110.0,Condo/Apartment,,,,,Gas,,E312,E68,,,2.0,2.0,,,,,1.0,1.0,,,,
145,1,,,18.0,,,,,,,,No data,No data,,,,,,,,,,,,,,
146,2,,,30.0,,,,,,,,E238,E69,,,1.0,1.0,,,,,,,,,,
147,1,,,37.0,Condo/Apartment,,,,,Electric,,E299,B9,,,,1.0,,,,,,,,,,
148,2,,1.0,43.0,Condo/Apartment,,,,,Electric,,E312,B10,,,,1.0,,,,,,,,,,
149,2,,1.0,43.0,Condo/Apartment,,,,,Electric,,E312,B10,,,,1.0,,,,,,,,,,
150,2,,1.0,58.0,,,,,,,,E276,B8,,,1.0,,,,,,,,,,,
151,2,,,34.0,Condo/Apartment,,,,,Electric,,D221,B7,,,,,,,,,,,,,,
152,4,,,73.0,,,,,,,,E264,E57,,,,,,,,,,,,,,
153,3,,2.0,60.0,Condo/Apartment,,,,,Electric,,E283,B9,,,,1.0,,,,,,,,,,
154,2,,,54.0,,,,,,,,D191,A5,,,,,,,,,,,,,,
155,3,,1.0,35.0,,,,,,,,F342,F72,,,,1.0,,,,,,,,,,
156,3,,1.0,50.0,Condo/Apartment,,,,,Gas,,G688,C23,,,,1.0,,,,,,,,,,
157,3,,2.0,63.0,Condo/Apartment,,,,,Electric,,E260,E56,,,,1.0,,,,,,,,,,
158,2,,1.0,34.0,Condo/Apartment,,,,,Electric,,No data,No data,,,,1.0,,,,,,,,,,
159,3,,2.0,76.0,Condo/Apartment,,,,,Electric,,E262,B8,,,1.0,2.0,,,,,,,,,,
160,2,,1.0,33.0,,,,,,,,E253,E54,,,1.0,1.0,,,,,,,,,,
161,2,,1.0,48.0,Condo/Apartment,,,,,Electric,,C149,A4,,,1.0,1.0,,,,,,,,,,
162,2,,1.0,47.0,Condo/Apartment,,,,,Electric,,G507,C25,,,1.0,1.0,,,,,,,,,,
163,1,,,8.0,,,,,,,,G842,C27,,,,,,,,,,,,,,
164,2,,1.0,48.0,Condo/Apartment,,,,,Gas,,F407,F87,,,1.0,1.0,,,,,,,,,,
165,3,,2.0,31.0,,,,,,,,E278,B9,,,,,,,,,,,,,,
166,4,,3.0,51.0,,,,,,,,E316,E69,,,,,,,,,,,,,,
167,1,,,31.0,Condo/Apartment,,,,,Gas,,F336,F72,,,1.0,1.0,,,,,,,,,,
168,2,,1.0,33.0,Condo/Apartment,,,,,Electric,,E325,B10,,,1.0,1.0,,,,,,,,,,
169,2,,1.0,17.0,Condo/Apartment,,,,,Electric,,G1273,D42,,,,1.0,,,,,,,,,,
170,3,,2.0,77.0,Condo/Apartment,,,,,Gas,,F352,F77,,,1.0,1.0,,,,,,,,,,
171,4,,2.0,83.0,,,,,,,,E269,E58,,,,1.0,,,,,,,,,,
172,1,,,11.0,Condo/Apartment,,,,,Electric,,No data,No data,,,,,,,,,,,,,,
173,3,,2.0,38.0,Condo/Apartment,,,,,Gas,,F388,F84,,,1.0,1.0,,,,,,,,,,
174,1,,,30.0,,,,,,,,F407,F89,,,1.0,1.0,,,,,,,,,,
175,2,,1.0,44.0,,,,,,,,E277,B9,,,1.0,1.0,,,,,,,,,,
176,2,,1.0,34.0,Condo/Apartment,,,,,Gas,,E274,E58,,,1.0,1.0,,,,,,,,,,
177,1,,,18.0,,,,,,,,F411,E57,,,1.0,1.0,,,,,,,,,,
178,3,,1.0,59.0,Condo/Apartment,,,,,Electric,,No data,No data,,,1.0,1.0,,,,,,,,,,
179,2,,1.0,47.0,Condo/Apartment,,,,,Gas,,E231,E50,,,1.0,1.0,,,,,,,,,,
180,5,,4.0,109.0,Condo/Apartment,,,,,Gas,,D191,D31,,,1.0,2.0,,,,,,,,,,
181,2,,,21.0,,,,,,,,D244,D47,21 m²,,,,,,,,,,,,,
182,4,,2.0,97.0,Condo/Apartment,,,,,Electric,,F341,C11,,,1.0,1.0,,,,,,,,,,
183,5,,3.0,122.0,,,,,,,,No data,No data,,,1.0,1.0,,,,,,,,,,
184,3,,2.0,126.0,Condo/Apartment,,,,,Gas,,D168,D33,,,,1.0,,,,,,,,,,
185,2,,1.0,48.0,Condo/Apartment,,,,,Gas,,E254,E55,,,,1.0,,,,,,,,,,
186,2,,1.0,29.0,Condo/Apartment,,,,,Electric,,G615,C20,,,,1.0,,,,,,,,,,
187,1,,,27.0,Condo/Apartment,New,,,,,,No data,No data,,,,1.0,,,,,1.0,,,,,
188,3,,2.0,82.0,Condo/Apartment,,,,,Fuel oil,,E220,E68,,,1.0,1.0,,,,,,,,,,
189,5,,3.0,186.0,Condo/Apartment,,,,,Gas,,C77,C16,,,1.0,2.0,,,,,,,,,,
190,3,,2.0,60.0,Condo/Apartment,,,,,Electric,,D210,B6,,,,1.0,,,,,,,,,,
191,3,,2.0,67.0,Condo/Apartment,New,,,,,,No data,No data,,,,1.0,,,,,1.0,,,,,
192,2,,1.0,37.0,Condo/Apartment,New,,,,,,D235,B10,,,,1.0,,,,,,,,,,
193,1,,,32.0,Condo/Apartment,,,,,Gas,,E291,E62,,,1.0,1.0,,,,,,,,,,
194,2,,1.0,48.0,Condo/Apartment,,,,,Gas,,D180,D37,,,1.0,1.0,,,,,,,,,,
195,2,,1.0,47.0,,,,,,,,No data,No data,,,,,,,,,,,,,,
196,3,,2.0,67.0,,,,,,,,No data,No data,,,1.0,,,,,,,,,,,
197,1,,,15.0,,,,,,,,F414,C13,,,,1.0,,,,,,,,,,
198,4,,3.0,62.0,Condo/Apartment,,,,,Gas,,D226,D48,,,1.0,1.0,,,,,,,,,,
199,2,,1.0,60.0,Condo/Apartment,,,,,Gas,,E313,E55,,,1.0,,,,,,,,,,,
200,2,,1.0,31.0,Condo/Apartment,,,,,Electric,,G684,C22,,,,1.0,,,,,,,,,,
201,3,,,80.0,,,,,,,,No data,No data,,,,,,,,,,,,,,
202,1,,,31.0,Condo/Apartment,New,,,,Electric,,F368,C12,,,1.0,1.0,,,,,,,,,,
203,5,,4.0,91.0,Condo/Apartment,,,,,Gas,,D215,D35,,,1.0,2.0,,,,,,,,,,
204,2,,1.0,33.0,Condo/Apartment,,,,,Electric,,F368,C12,,,,1.0,,,,,,,,,,
205,2,,1.0,41.0,Condo/Apartment,,,,,Electric,,F378,C12,,,,1.0,,,,,,,,,,
206,1,,,14.0,,,,,,,,C140,D50,,,,,,,,,,,,,,
207,3,,2.0,55.0,,,,,,,,E280,D35,,,1.0,1.0,,,,,,,,,,
208,1,,,12.0,Condo/Apartment,,,,,Gas,,F511,F108,,,,,,,,,,,,,,
209,4,,3.0,81.0,Condo/Apartment,New,,,,,,No data,No data,,,1.0,,,,,,,,,,,
210,4,,2.0,83.0,Condo/Apartment,,,,,Gas,,E256,E56,,,1.0,1.0,,,,,,1.0,,,,
211,2,,1.0,45.0,Condo/Apartment,,,,,Gas,,F374,F82,,,,1.0,,,,,,,,,,
212,3,,2.0,67.0,,,,,,,,D234,D42,,,1.0,1.0,,,,,,,,,,
213,3,,2.0,58.0,Condo/Apartment,,,,,Gas,,D222,D48,,,1.0,1.0,,,,,,1.0,,,,
214,2,,1.0,50.0,,,,,,,,No data,No data,,,1.0,,,,,,,,,,,
215,2,,1.0,49.0,Condo/Apartment,,,,,Electric,,E290,B9,,,,1.0,,,,,,,,,,
216,3,,2.0,54.0,,,,,,,,No data,No data,,,1.0,,,,,,,,,,,
217,3,,2.0,58.0,,,,,,,,No data,No data,,,1.0,,,,,,,,,,,
218,3,,2.0,63.0,,,,,,,,No data,No data,,,1.0,,,,,,,,,,,
219,3,,2.0,63.0,Condo/Apartment,New,,,,,,No data,No data,,,1.0,,,,,,,,,,,
220,3,,2.0,63.0,Condo/Apartment,New,,,,,,No data,No data,,,1.0,,,,,,,,,,,
221,2,,1.0,72.0,Condo/Apartment,New,,,,,,No data,No data,,,1.0,,,,,,,,,,,
222,2,,1.0,48.0,Condo/Apartment,,,,,Fuel oil,,G335,G104,,,1.0,1.0,,,,,,,,,,
223,3,,2.0,44.0,,,,,,,,No data,No data,,,,1.0,,,,,,,,,,
224,1,,,5.0,Condo/Apartment,,,,,Electric,,G743,C23,,,,1.0,,,,,,,,,,
225,4,,3.0,102.0,,,,,,,,No data,No data,,,1.0,,,,,,,,,,,
226,6,,4.0,200.0,Condo/Apartment,,,,,Gas,,E227,E50,,,1.0,2.0,,,,,,,,,,
227,3,,2.0,43.0,Condo/Apartment,,,,,Gas,,E248,E53,,,1.0,1.0,,,,,,,,,,
228,1,,,26.0,,,,,,,,G555,C18,,,,1.0,,,,,,,,,,
229,5,,3.0,160.0,,,,,,,,E250,E65,,,,2.0,,,,,,,,,,
230,4,,3.0,80.0,Condo/Apartment,,,,,Electric,,E312,B10,,,1.0,2.0,,,,,,,,,,
231,1,,,8.0,Condo/Apartment,,,,,Electric,,G790,C25,,,,1.0,,,,,,,,,,
232,2,,1.0,49.0,Condo/Apartment,,,,,Gas,,E269,E58,,,1.0,1.0,,,,,,,,,,
233,2,,1.0,31.0,Condo/Apartment,New,,,,Fuel oil,,E278,E56,,,,1.0,,,,,,,,,,
234,1,,,25.0,Condo/Apartment,,,,,Electric,,F431,C14,,,1.0,1.0,,,,,,,,,,
235,2,,1.0,26.0,,,,,,,,D268,D51,,,,1.0,,,,,,,,,,
236,1,,,27.0,Condo/Apartment,,,,,Electric,,F359,B11,,,,1.0,,,,,,,,,,
237,3,,2.0,69.0,Condo/Apartment,,,,,Gas,,D206,D44,,,1.0,1.0,,,,,,1.0,,,,
238,4,,3.0,100.0,House,,,,,Gas,,C105,C22,,,1.0,2.0,,,,,,2.0,,,,
239,3,,1.0,70.0,Condo/Apartment,,,,,Gas,,D213,B6,,,,1.0,,,,,,,,,,
240,5,,3.0,118.0,Condo/Apartment,,,,,Gas,,D245,D49,,,,2.0,,,,,,,,,,
241,1,,,17.0,Condo/Apartment,,,,,Gas,,E297,E61,,,,1.0,,,,,,,,,,
242,1,,,28.0,Condo/Apartment,,,,,Electric,,C175,A5,,,,,,,,,,,,,,
243,3,,2.0,78.0,Condo/Apartment,,,,,Electric,,D235,B7,,,1.0,1.0,,,,,,1.0,,,,
244,2,,1.0,49.0,Condo/Apartment,,,,,Gas,,D221,D36,,,1.0,1.0,,,,,,1.0,,,,
245,2,,1.0,49.0,Condo/Apartment,,,,,Gas,,D221,D36,,,1.0,1.0,,,,,,1.0,,,,
246,6,,4.0,307.0,Condo/Apartment,,,,,Gas,,D195,D42,,,1.0,2.0,,,,,,,,,,
247,2,,1.0,29.0,Condo/Apartment,,,,,Gas,,E305,E65,,,,1.0,,,,,,,,,,
248,1,,1.0,15.0,Condo/Apartment,,,,,Electric,,G933,C30,,,3.0,,,,,,,,,,,
249,4,,3.0,87.0,,,,,,,,D192,D41,,,1.0,,,,,,,,,,,
250,2,,1.0,33.0,,,,,,,,No data,No data,,,,,,,,,,,,,,
251,1,,,13.0,,,,,,,,No data,No data,,,,,,,,,,,,,,
252,6,,4.0,180.0,,,,,,,,No data,No data,,,1.0,2.0,,,,,,,,,,
253,2,,1.0,51.0,Condo/Apartment,,,,,Gas,,E241,E51,,,,1.0,,,,,,,,,,
254,2,,1.0,23.0,,,,,,,,No data,No data,,,,1.0,,,,,,,,,,
255,3,,2.0,62.0,Condo/Apartment,,,,,Gas,,D197,D42,,,1.0,1.0,,,,,,,,,,
256,8,,,181.0,Condo/Apartment,,,,,Gas,,No data,No data,,,,2.0,,,,,,,,,,
257,1,,,25.0,,,,,,,,D269,B8,,,,1.0,,,,,,,,,,
258,1,,,32.0,Condo/Apartment,,,,,Electric,,E329,B10,,,1.0,1.0,,,,,,,,,,
259,2,,,102.0,Condo/Apartment,,,,,Electric,,No data,No data,,,,2.0,,,,,,,,,,
260,3,,2.0,48.0,,,,,,,,E296,B9,,,1.0,,,,,,,,,,,
261,4,,3.0,98.0,Condo/Apartment,,,,,Solar,,C166,C29,,,1.0,1.0,,,,,,,,,,
262,4,,2.0,75.0,Condo/Apartment,,,,,Gas,,D235,D34,,,1.0,1.0,,,,,,,,,,
263,2,,1.0,40.0,,,,,,,,D242,D34,,,,1.0,,,,,,,,,,
264,5,,4.0,126.0,Condo/Apartment,,,2024.0,,,,No data,No data,126 m²,,,,,,,,,,,,,
265,2,,1.0,49.0,Condo/Apartment,,,2025.0,,Gas,,A8,B8,49 m²,,,,,,,,,,,,,
266,2,,1.0,33.0,Condo/Apartment,,,,,Electric,,F365,D21,,,,1.0,,,,,,,,,,
267,2,,1.0,36.0,Condo/Apartment,New,,,,,,No data,No data,,,,1.0,,,,,,,,,,
268,3,,2.0,79.0,Condo/Apartment,,,,,Electric,,F414,C13,,,1.0,2.0,,,,,,1.0,,,,
269,4,,3.0,81.0,Condo/Apartment,,,,,Gas,,D189,B6,,,1.0,2.0,,,,,,,,,,
270,5,,4.0,101.0,Condo/Apartment,,,,,Geothermal,,C161,C26,,,1.0,2.0,,,,,,1.0,,,,
271,1,,,33.0,Condo/Apartment,,,,,Geothermal,,E304,E62,,,,1.0,,,,,,,,,,
272,4,,3.0,101.0,Condo/Apartment,,,,,Geothermal,,C161,C26,,,1.0,2.0,,,,,,1.0,,,,
273,2,,1.0,43.0,Condo/Apartment,,,,,Electric,,G589,C19,,,,1.0,,,,,,,,,,
274,3,,2.0,43.0,Condo/Apartment,,,,,Electric,,D208,B6,,,,,,,,,,,,,,
275,1,,,20.0,Condo/Apartment,,,,,Electric,,G761,C25,,,,1.0,,,,,,,,,,
276,2,,1.0,47.0,Condo/Apartment,,,2022.0,,,,A61,B9,47 m²,,1.0,1.0,,,,,,,,,,
277,1,,1.0,24.0,Condo/Apartment,,,1750.0,,Electric,,G933,D31,24 m²,,1.0,1.0,,,,,,,16 m²,,,
278,2,,1.0,56.0,Condo/Apartment,,,1997.0,,Electric,,E310,B10,56 m²,,1.0,1.0,,,,,,,,,,
279,3,,2.0,62.0,Condo/Apartment,,,1920.0,,Electric,,D240,D40,62 m²,,1.0,1.0,,,,,,1.0,30 m²,,,
280,1,,1.0,28.0,Condo/Apartment,,,1960.0,,,,D218,D34,28 m²,,,1.0,1.0,,,,,,,,,
281,4,,2.0,73.0,Condo/Apartment,,,1900.0,,Gas,,D202,D43,73 m²,,,2.0,1.0,,,,,,33 m²,,,
282,1,,1.0,10.0,Condo/Apartment,,,1800.0,,Electric,,D331,A10,10 m²,,,1.0,1.0,,,,,,9 m²,,,
283,5,,3.0,100.0,Condo/Apartment,,,1900.0,,,,F371,D47,100 m²,,1.0,1.0,1.0,,,,,,31 m²,,,
284,5,,3.0,120.0,Condo/Apartment,,,1902.0,,Gas,,D237,E52,120 m²,,1.0,2.0,1.0,,,,,,37 m²,,,
285,4,,3.0,90.0,Condo/Apartment,,,1980.0,,Gas,,C132,C27,90 m²,,2.0,2.0,1.0,,,,,1.0,42 m²,,,
286,5,,3.0,90.0,Condo/Apartment,,,1980.0,,Gas,,C132,C27,90 m²,,2.0,2.0,1.0,,,,,1.0,42 m²,,,
287,2,,1.0,38.0,Condo/Apartment,,,1830.0,,Electric,,E329,C11,38 m²,,,1.0,1.0,,,,,,,,,
288,1,,1.0,29.0,Condo/Apartment,,,1960.0,,Gas,,D200,D40,29 m²,,,1.0,1.0,,,,,,,,,
289,5,,2.0,92.0,Condo/Apartment,,,1914.0,,Electric,,G543,C18,92 m²,,1.0,1.0,,,,,,,,,,
290,6,,4.0,184.0,Condo/Apartment,,,1880.0,,Gas,,No data,No data,184 m²,,,,,,,,,,,,,
291,1,,1.0,34.0,Condo/Apartment,,,1975.0,,,,D240,D40,34 m²,,,1.0,1.0,,,,,,24 m²,,,
292,2,,1.0,40.0,Condo/Apartment,,,,,Gas,,F352,F73,40 m²,,,1.0,1.0,,,,,,21 m²,,,
293,2,,1.0,41.0,Condo/Apartment,,,1939.0,,Electric,,G552,C18,41 m²,,,1.0,1.0,,,,1.0,1.0,18 m²,,,
294,2,,1.0,50.0,Condo/Apartment,,,1880.0,,Gas,,C176,D37,50 m²,,,1.0,1.0,,,,,,,,,
295,2,,1.0,50.0,Condo/Apartment,,,,,Electric,,F345,C11,50 m²,,,,1.0,,,,,,17 m²,,,
296,1,,1.0,15.0,Condo/Apartment,,,1930.0,,Gas,,E300,D46,15 m²,,,1.0,1.0,,,,,,12 m²,,,
297,2,,1.0,51.0,Condo/Apartment,,,1900.0,,Gas,,E297,E64,51 m²,,1.0,,,,,,,,16 m²,,,
298,3,,2.0,140.0,Condo/Apartment,,,1780.0,,Gas,,F350,F80,140 m²,,1.0,1.0,,,,,,,30 m²,,,
299,1,,,39.0,Condo/Apartment,,,1933.0,,Gas,,F411,F90,39 m²,,1.0,1.0,,,,,,,20 m²,,,
300,2,,1.0,64.0,Condo/Apartment,,,1950.0,,Gas,,E264,E61,64 m²,,,1.0,1.0,,,,,,38 m²,,,
301,1,,,17.0,Condo/Apartment,,,1900.0,,Gas,,G471,D48,17 m²,,,1.0,1.0,,,,,,9 m²,,,
302,3,,2.0,70.0,Condo/Apartment,,,1980.0,,Gas,,C157,D33,70 m²,,1.0,1.0,,,,,,1.0,26 m²,,,
303,3,,2.0,67.0,Condo/Apartment,,,,,Gas,,D246,D42,67 m²,,1.0,1.0,,,,,,,30 m²,,,
304,2,,1.0,31.0,Condo/Apartment,,,,,Gas,,F340,F73,31 m²,,,1.0,1.0,,,,,,18 m²,,,
305,3,,2.0,70.0,Condo/Apartment,,,1980.0,,Gas,,C157,D33,70 m²,,1.0,1.0,,,,,,1.0,26 m²,,,
306,4,,3.0,100.0,Condo/Apartment,,,1995.0,,Electric,,D189,B9,100 m²,,1.0,1.0,1.0,,,,,1.0,30 m²,,,
307,4,,3.0,70.0,Condo/Apartment,,,1890.0,,Electric,,C292,A9,70 m²,,2.0,2.0,,,,,,,20 m²,,,
308,3,,2.0,57.0,Condo/Apartment,,,,,Gas,,F396,F87,57 m²,,,1.0,1.0,,,,,,,,,
309,4,,2.0,98.0,Condo/Apartment,,,1976.0,,Gas,,E268,A1,98 m²,,1.0,,,,,,,1.0,34 m²,,,
310,2,,1.0,57.0,Condo/Apartment,,,1968.0,,Gas,,C174,D37,57 m²,,,1.0,1.0,,,,,1.0,22 m²,,,
311,4,,3.0,63.0,Condo/Apartment,,,,,Gas,,E268,E58,63 m²,,,,1.0,,,,,,,,,
312,5,,4.0,136.0,Condo/Apartment,,,1974.0,,,,D191,C24,136 m²,,1.0,2.0,1.0,,,,,1.0,,,,
313,4,,2.0,35.0,Condo/Apartment,,,1890.0,,Electric,,G506,C16,35 m²,,,1.0,1.0,,,,,,9 m²,,,
314,2,,1.0,55.0,Condo/Apartment,,,1993.0,,Electric,,D197,B6,55 m²,,1.0,1.0,1.0,,,,,,,,,
315,4,,3.0,82.0,Condo/Apartment,,,1900.0,,Gas,,E257,D48,82 m²,,1.0,1.0,,,,,,1.0,30 m²,,,
316,4,,3.0,111.0,Condo/Apartment,,,1930.0,,Gas,,D247,D44,111 m²,,1.0,2.0,1.0,,,,,,,,,
317,3,,2.0,70.0,Condo/Apartment,,,1830.0,,,,C180,E60,70 m²,,,1.0,1.0,,,,,,35 m²,,,
318,2,,1.0,57.0,Condo/Apartment,,,,,Electric,,F389,C12,57 m²,,,1.0,1.0,,,,,,,,,
319,1,,1.0,7.0,Condo/Apartment,,,1900.0,,Electric,,G450,D36,7 m²,,,,,,,,,,,,,
320,3,,2.0,90.0,Condo/Apartment,,,1972.0,,,,E252,D38,90 m²,,1.0,1.0,,,,,,1.0,51 m²,,,
321,2,,1.0,35.0,Condo/Apartment,,,1880.0,,Electric,,E270,B8,35 m²,,,1.0,1.0,,,,,,,,,
322,5,,3.0,170.0,Condo/Apartment,,,1902.0,,Gas,,E264,E62,170 m²,,1.0,,1.0,,,,,,60 m²,,,
323,2,,1.0,50.0,Condo/Apartment,,,1970.0,,Gas,,B74,C13,50 m²,,1.0,,,,,,,1.0,,,,
324,4,,2.0,95.0,Condo/Apartment,,,1975.0,,,,D244,D44,95 m²,,2.0,2.0,,,,,,,40 m²,,,
325,2,,1.0,66.0,Condo/Apartment,,,1959.0,,Gas,,E280,E50,66 m²,,1.0,,,,,,,1.0,33 m²,,,
326,4,,3.0,92.0,Condo/Apartment,,,1993.0,,Electric,,D184,A5,92 m²,,1.0,1.0,1.0,,,,,1.0,24 m²,,,
327,1,,1.0,35.0,Condo/Apartment,,,1880.0,,Electric,,F383,C12,35 m²,,,1.0,1.0,,,,,,25 m²,,,
328,3,,2.0,67.0,Condo/Apartment,,,1895.0,,Electric,,F359,C11,67 m²,,1.0,1.0,,,,,,,25 m²,,,
329,3,,2.0,75.0,Condo/Apartment,,,1961.0,,Gas,,D227,D49,75 m²,,1.0,1.0,,,,,,,25 m²,,,
330,2,,1.0,38.0,Condo/Apartment,,,1895.0,,Electric,,F350,E60,38 m²,,1.0,,,,,,,,,,,
331,2,,1.0,54.0,Condo/Apartment,,,,,Gas,,E303,E64,54 m²,,1.0,1.0,,,,,,,23 m²,,,
332,4,,3.0,90.0,Condo/Apartment,,,1965.0,,,,D183,C27,90 m²,,1.0,1.0,,,,,,1.0,33 m²,,,
333,2,,1.0,48.0,Condo/Apartment,,,,,Electric,,E257,B8,48 m²,,1.0,,,,,,,,,,,
334,3,,2.0,72.0,Condo/Apartment,,,,,Gas,,E250,D41,72 m²,,,,,,,,,,,,,
335,4,,3.0,53.0,Condo/Apartment,,,,,Electric,,G443,C14,53 m²,,1.0,,,,,,,,,,,
336,5,,4.0,113.0,Condo/Apartment,,,,,Electric,,D219,B7,113 m²,,1.0,,,,,,1.0,1.0,,,,
337,2,,1.0,31.0,Condo/Apartment,,,1893.0,,"Individual, Electric",,F417,C13,,,1.0,1.0,,,,,,,,,,
338,1,,1.0,18.0,Condo/Apartment,,,1975.0,,,,E250,D47,,,1.0,1.0,,,,,,,,,,
339,7,,4.0,176.0,House,,,1996.0,,"Individual, Gas",,E235,E51,,,,,,112 m²,,,1.0,,,,,
340,3,,3.0,77.0,Condo/Apartment,,,1910.0,,"Individual, Electric",,E255,B8,,,1.0,1.0,,,,,,,,,,
341,3,,2.0,101.0,Condo/Apartment,,,1973.0,,,,D220,C29,,,1.0,1.0,,,,,1.0,,,,,
342,5,,4.0,98.32,Condo/Apartment,,,,,Gas,,D228,D38,98 m²,,1.0,1.0,,,,,1.0,,,,,
343,3,,2.0,70.0,Condo/Apartment,,,1961.0,,,,E273,E60,70 m²,,1.0,,,,,,,,,,,
344,3,,2.0,66.0,Condo/Apartment,,,,,Gas,,E241,E52,66 m²,,1.0,1.0,,,,,,,,,,
345,3,,2.0,61.0,Condo/Apartment,,,1880.0,,Gas,,E260,E40,61 m²,,1.0,1.0,,,,,,,21 m²,,,
346,5,,3.0,128.0,Condo/Apartment,,,1880.0,,Electric,Hot water tank,F334,C11,128 m²,,,,,,,,,,,,,
347,3,,2.0,77.0,Condo/Apartment,,,1992.0,,Electric,,D211,B6,77 m²,,2.0,,,,,,,1.0,23 m²,,,
348,3,,2.0,67.0,Condo/Apartment,,,1954.0,,,,D199,F61,67 m²,,1.0,1.0,,,,,,,,,,
349,6,,4.0,106.0,Condo/Apartment,,,1970.0,,"Common, Gas",,D183,D30,,,1.0,2.0,1.0,,,,,,,,,
350,1,,,18.64,Condo/Apartment,,,1890.0,,"Individual, Electric",,G663,D21,,,,,1.0,,,,,,,,,
351,3,1.0,2.0,67.0,,,,,,,,No data,No data,,,,,,,,,,,,,,
352,2,,1.0,65.0,Condo/Apartment,,,1966.0,,Common,,D177,D38,,,1.0,1.0,,,,,1.0,,,,,
353,5,2.0,3.0,104.0,Condo/Apartment,,,,,"Radiator, Common",,D213,E38,,,1.0,1.0,,,,,,,,,,
354,2,1.0,1.0,27.03,Condo/Apartment,,,1880.0,,"Radiator, Individual, Electric",,F417,C13,,,,1.0,1.0,,,,,,,,,
355,2,1.0,1.0,37.13,Condo/Apartment,,,1900.0,,,,D233,C30,,,1.0,1.0,,,,,,,,,,
356,2,,1.0,46.5,Condo/Apartment,,,1958.0,,"Common, Gas",,E271,E59,,,,1.0,1.0,,,,,,,,,
357,3,,2.0,50.06,Condo/Apartment,,,,,"Convector, Individual, Electric",,F384,C12,,,,1.0,1.0,,,,,,,,,
358,1,,1.0,16.0,Condo/Apartment,,,1910.0,,"Radiator, Individual, Electric",,F500,C17,,,,1.0,1.0,,,,,,,,,
359,3,,2.0,68.0,Condo/Apartment,,,1991.0,,Individual,,C162,A5,,,1.0,2.0,,,,,1.0,,,,,
360,1,,1.0,16.0,Condo/Apartment,,,1930.0,,"Individual, Electric",,G545,C17,,,,1.0,,,,,,,,,,
361,1,,,15.0,Condo/Apartment,,,,,"Individual, Electric",,E390,B12,,,,1.0,,,,,,,,,,
362,1,,1.0,23.0,Condo/Apartment,,,,,Individual,,No data,No data,,,,1.0,,,,,,,,,,
363,1,,1.0,29.0,,,,,,,,E362,B11,,,1.0,1.0,,,,,,,,,,
364,2,,1.0,42.0,,,,,,,,No data,No data,,,,,,,,,,,,,,
365,4,,2.0,105.0,,,,,,,,No data,No data,,,1.0,2.0,,,,,,,,,,
366,6,,3.0,117.0,,,,,,,,No data,No data,,,1.0,2.0,,,,,,,,,,
367,3,,1.0,57.0,Condo/Apartment,,,,,Common,,No data,No data,,,,1.0,,,,,,,,,,
368,4,,2.0,105.0,Condo/Apartment,,,,,Common,,No data,No data,,,1.0,1.0,,,,,,,,,,
369,5,,3.0,110.0,Condo/Apartment,,,,,Common,,D211,C13,,,1.0,1.0,,,,,,,,,,
370,3,,1.0,57.0,Condo/Apartment,,,,,Common,,No data,No data,,,,1.0,,,,,,,,,,
371,7,,3.0,184.0,Condo/Apartment,,,,,Common,,No data,No data,,,1.0,2.0,,,,,,,,,,
372,4,,,68.0,Condo/Apartment,,,,,Common,,No data,No data,,,,,,,,,,,,,,
373,4,,,68.0,Condo/Apartment,,,,,Common,,No data,No data,,,,,,,,,,,,,,
374,2,,1.0,48.0,,,,,,,,No data,No data,,,,1.0,,,,,,,,,,
375,3,,2.0,60.0,Condo/Apartment,,,,,Common,,No data,No data,,,,1.0,,,,,,,,,,
376,3,,2.0,56.0,Condo/Apartment,,,,,Common,,D227,D33,,,1.0,1.0,,,,,,,,,,
377,3,,1.0,62.0,Condo/Apartment,,,,,Common,,No data,No data,,,1.0,1.0,,,,,,,,,,
378,5,,3.0,100.0,Condo/Apartment,,,,,Common,,D211,C13,,,1.0,1.0,,,,,,,,,,
379,3,,2.0,72.0,Condo/Apartment,,,1880.0,,,,E299,E64,,,1.0,1.0,,,,,,,,,,
380,1,,,38.0,,,,,,,,No data,No data,,,1.0,1.0,,,,,,,,,,
381,4,,3.0,69.0,Condo/Apartment,,,,,"Individual, Electric",,No data,No data,,,,1.0,,,,,,,,,,
382,3,,2.0,47.0,,,,,,,,No data,No data,,,,1.0,,,,,,,,,,
383,3,,2.0,63.0,Condo/Apartment,,,,,"Individual, Gas",,No data,No data,,,,1.0,,,,,,,,,,
384,2,,1.0,38.0,Condo/Apartment,,,,,Common,,No data,No data,,,,1.0,,,,,,,,,,
385,5,,3.0,100.0,Condo/Apartment,,,1976.0,,Individual,,No data,No data,,,1.0,2.0,,,,,1.0,,,,,
386,2,,1.0,43.0,Condo/Apartment,,,,,"Individual, Gas",,No data,No data,,,,1.0,,,,,,,,,,
387,3,,2.0,78.0,Condo/Apartment,,,,,Common,,No data,No data,,,,1.0,,,,,,,,,,
388,3,,2.0,47.0,,,,,,,,No data,No data,,,,1.0,,,,,,,,,,
389,3,,2.0,87.0,Condo/Apartment,,,,,"Individual, Electric",,B81,A2,,,,2.0,,,,,,,,,,
390,4,,2.0,90.0,Condo/Apartment,,,,,"Individual, Electric",,,A2,,,,2.0,,,,,,,,,,
391,3,,2.0,90.0,Condo/Apartment,,,1901.0,,Individual,,B95,A2,,,,2.0,,,,,,,,,,
392,3,,2.0,92.0,Condo/Apartment,,,1901.0,,Individual,,B95,A2,,,,2.0,,,,,,,,,,
393,2,,1.0,46.0,Condo/Apartment,,,,,"Common, Gas",,D200,D42,,,1.0,1.0,,,,,,,,,,
394,2,,1.0,24.0,Condo/Apartment,,,,,Individual,,G652,C21,,,1.0,1.0,,,,,,,,,,
395,2,,1.0,30.0,Condo/Apartment,,,1927.0,,Common,,E300,F72,,,,,,,,,,,,,,
396,1,,,12.0,Condo/Apartment,,,,,"Individual, Electric",,G450,E50,,,1.0,1.0,,,,,,,,,,
397,4,,2.0,78.0,Condo/Apartment,,,1959.0,,"Common, Gas",,No data,No data,,,1.0,1.0,,,,,,,,,,
398,4,,3.0,102.0,Condo/Apartment,,,,,Common,,E285,E51,,,1.0,2.0,,,,,,,,,,
399,3,,2.0,88.0,Condo/Apartment,,,1840.0,,"Individual, Gas",,C104,C21,,,1.0,2.0,,,,,,,,,,
400,4,,2.0,64.0,Condo/Apartment,,,1905.0,,"Individual, Electric",,D234,B8,,,1.0,1.0,,,,,,,,,,
401,3,,1.0,51.0,Condo/Apartment,,,1880.0,,"Common, Gas",,No data,No data,,,1.0,1.0,,,,,,,,,,
402,3,,2.0,76.0,Condo/Apartment,,,1972.0,,Common,,D159,D34,,,1.0,1.0,,,,,,,,,,
403,3,,2.0,80.0,Condo/Apartment,,,,,Individual,,D215,D6,,,2.0,2.0,,,,,1.0,,,,,
404,1,,,30.0,Condo/Apartment,,,,,Common,,E325,B10,,,1.0,1.0,,,,,,,,,,
405,3,,2.0,81.0,Condo/Apartment,,,,,Common,,F354,F77,,,1.0,1.0,,,,,,,,,,
406,3,,2.0,60.0,Condo/Apartment,,,,,Individual,,E298,B9,,,1.0,1.0,,,,,,,,,,
407,3,,2.0,65.0,Condo/Apartment,,,,,"Individual, Electric",,No data,No data,,,,1.0,,,,,,,,,,
408,3,,2.0,62.0,Condo/Apartment,,,,,"Common, Gas",,E263,D43,,,1.0,1.0,,,,,,,,,,
409,1,,,25.0,Condo/Apartment,,,1970.0,,"Common, Gas",,E325,E69,,,,,,,,,,,,,,
410,4,,3.0,72.0,Condo/Apartment,,,1905.0,,,,E295,C15,,,,2.0,,,,,,,,,,
411,5,,2.0,98.0,Condo/Apartment,,,1880.0,,"Individual, Gas",,D144,D31,,,1.0,1.0,,,,,,,,,,
412,1,,,10.0,Condo/Apartment,,,1911.0,,"Individual, Electric",,G792,C25,,,,1.0,,,,,,,,,,
413,3,,2.0,47.0,Condo/Apartment,,,1910.0,,"Individual, Gas",,E247,E53,,,,,,,,,,,,,,
414,2,,1.0,46.0,Condo/Apartment,,,1985.0,,Individual,,D218,D43,,,,,,,,,1.0,,,,,
415,3,,,91.0,Condo/Apartment,,,,,Common,,E251,E50,,,,,,,,,,,,,,
416,4,,2.0,80.0,Condo/Apartment,,,,,Common,,F398,E60,,,1.0,1.0,,,,,,,,,,
417,3,,2.0,86.0,Condo/Apartment,,,1900.0,,Individual,,D146,D31,,,1.0,1.0,,,,,,,,,,
418,2,,1.0,39.0,Condo/Apartment,,,1900.0,,Common,,No data,No data,,,,,,,,,,,,,,
419,3,,1.0,67.0,Condo/Apartment,,,1955.0,,Individual,,No data,No data,,,1.0,1.0,,,,,,,,,,
420,3,,2.0,55.14,Condo/Apartment,,,,,"Common, Gas",,E315,E67,,,1.0,1.0,,,,,,,,,,
421,2,,1.0,32.0,Condo/Apartment,,,1889.0,,"Convector, Individual, Electric",,F363,B11,,,1.0,1.0,,,,,,,,,,
422,1,2.0,,34.76,Condo/Apartment,,,,,,Hot water tank,E216,C19,,,,1.0,1.0,,,,,,,,,
423,1,6.0,,8.0,Condo/Apartment,,,,,Individual,,No data,No data,,,,,1.0,,,,,,,,,
424,1,5.0,,15.0,Condo/Apartment,,,,,Individual,,E,D12,,,,1.0,1.0,,,,,,,,,
425,3,1.0,2.0,58.5,Condo/Apartment,,,1900.0,,"Radiator, Individual, Electric",Hot water tank,E251,B8,,,,1.0,2.0,,,,,,,,,
426,2,9.0,1.0,62.75,Condo/Apartment,,,1972.0,,"Radiator, Common, Gas",,E309,E67,,,1.0,1.0,,44.8 m²,,,,,,1.0,,
427,2,8.0,1.0,40.18,Condo/Apartment,,,1965.0,,"Radiant, Common, Gas",,D161,D33,,Main drainage,,1.0,1.0,,,,,,,,,
428,1,6.0,,32.7,Condo/Apartment,,,1850.0,,,,D239,B7,,,,,,,,,,,,,,
429,1,5.0,,32.5,Condo/Apartment,,,1850.0,,,,D232,B7,,,,,,,,,,,,,,
430,1,,1.0,22.0,,,,,,,,No data,No data,,,,,,,,,,,,,,
431,4,,2.0,121.0,,,,,,,,No data,No data,,,,,,,,,,,,,,
432,3,,2.0,37.0,Condo/Apartment,,,,,"Individual, Electric","Hot water tank, Individual",D234,B7,48 m²,,,,,,,,,,,,,
433,1,,1.0,11.0,Condo/Apartment,,,1958.0,,"Common, Gas",Hot water tank,No data,No data,11 m²,,,,,,,,,,,,,
434,7,,3.0,140.0,,,,,,,,No data,No data,140 m²,,,,,,,,,,,,,
435,3,6.0,1.0,48.0,Condo/Apartment,,,,,"Radiator, Individual, Electric","Hot water tank, Individual",F400,C13,48 m²,,,,,,,,,,,,,
436,2,,1.0,20.0,Condo/Apartment,,,1881.0,,"Radiator, Individual, Electric","Boiler, Individual",F475,C15,,,,,,,,,,,,,,
437,5,6.0,3.0,125.01,Condo/Apartment,Excellent condition,Regular,1881.0,,"Radiator, Individual, Electric","Hot water tank, Individual",D237,B7,127.85 m²,Main drainage,,,,,,,,,,,,
438,2,5.0,1.0,33.73,,,,,,,,F283,E85,,,,,,,,,,,,,,
439,3,9.0,2.0,68.0,Condo/Apartment,,,1975.0,,"Radiator, Common, Gas",,E269,D46,,,,1.0,2.0,,,,,,,1.0,,
440,1,7.0,1.0,9.0,Condo/Apartment,,,1930.0,,Common,,E389,E78,,,,,1.0,,,,,,,,,
441,3,11.0,2.0,72.0,Condo/Apartment,,,1971.0,,Common,,D226,D41,,,1.0,1.0,,,1.0,,1.0,,,,,
442,2,7.0,1.0,49.08,Condo/Apartment,,,1900.0,,"Radiator, Individual, Electric",Hot water tank,G957,D32,,,1.0,1.0,,,,,,,,,,
443,3,3.0,2.0,80.0,Condo/Apartment,Good condition,,,,Electric,,G726,D21,,,,,1.0,,,,,,,,,
444,1,7.0,1.0,9.5,Condo/Apartment,,,1930.0,,,,F374,F65,,,,,1.0,,,,,,,,,
445,3,8.0,2.0,80.7,Condo/Apartment,,,1955.0,,"Radiator, Common, Gas",,D,D31,,,1.0,1.0,,,,,,,,,,
446,5,11.0,3.0,136.57,Condo/Apartment,,,1964.0,,Common,,D244,D49,,,2.0,2.0,,,1.0,8.2 m²,,,,,1.0,
447,4,10.0,,92.11,Condo/Apartment,,,1977.0,,Common,,C168,C27,,,,,,,,,,,,,,
448,5,2.0,,128.0,House,,,,,"Radiator, Electric",,D209,B6,,,,,,,,,,,,1.0,,
449,4,10.0,,116.0,Condo/Apartment,,,1973.0,,Common,,D199,D34,,,,,,,,,,,,1.0,1.0,
450,1,5.0,,,Condo/Apartment,,,1900.0,,"Radiator, Individual, Electric",,No data,No data,,,,,,,,,,,,,,
451,3,7.0,,46.1,Condo/Apartment,,,,,"Common, Gas",,F345,F62,,,,,,,,,,,,,,
452,1,,,40.7,,,,,,,,No data,No data,,,,1.0,1.0,,,,1.0,,,1.0,,
453,7,,4.0,316.0,Condo/Apartment,,,1880.0,,"Radiator, Common, Gas",,E315,E54,,,3.0,,,,,,,,,,,
454,7,3.0,,250.0,House,,,1908.0,,"Individual, Gas",,E291,E57,,,,,,,,,,,,,,
455,5,6.0,4.0,118.56,Condo/Apartment,,,1890.0,,"Radiator, Individual, Gas",,D184,D38,,,,,,,,,,,,,,
456,1,3.0,,10.57,Condo/Apartment,,,1911.0,,"Radiator, Individual, Electric",,G792,C25,,,,1.0,1.0,,,,,,,,,
457,6,,,173.99,Condo/Apartment,,,2015.0,,"Radiator, Individual, Electric",,C179,A5,,,,,,,,,,,,,,
458,3,6.0,2.0,134.0,Condo/Apartment,,,1880.0,,"Radiator, Individual, Electric",,E260,B8,,,,,,,,,,,,,,
459,2,3.0,1.0,48.35,Condo/Apartment,,,1950.0,,"Radiator, Individual, Electric",,F392,C12,,,1.0,1.0,,,,,,,,,,
460,3,,,91.0,Condo/Apartment,,,,,Common,,E251,E50,,,,,,,,,,,,,,
461,4,,2.0,80.0,Condo/Apartment,,,,,Common,,F398,E60,,,1.0,1.0,,,,,,,,,,
462,3,,,76.77,Condo/Apartment,,,,,"Individual, Electric",,No data,No data,,,,,,,,,,,,,,
463,2,,1.0,55.72,Condo/Apartment,,,,,"Radiator, Individual, Gas",,F412,F90,,,,1.0,1.0,,,,,,,,,
464,5,11.0,3.0,119.93,Condo/Apartment,,,,,Common,,F407,E57,,,1.0,1.0,1.0,,,,,,,,,
465,1,6.0,,12.35,Condo/Apartment,,,,,"Individual, Electric",,G621,C20,,,,,,,,,,,,,,
466,2,,,24.64,Condo/Apartment,,,,,"Individual, Electric",,G572,C18,,,,1.0,1.0,,,,,,,,,
467,2,,1.0,36.04,Condo/Apartment,,,,,"Individual, Electric",,E325,B10,,,,1.0,1.0,,,,,,,,,
468,3,4.0,2.0,91.0,Condo/Apartment,,,1981.0,,"Radiant, Common, Electric",,E261,B8,,,1.0,1.0,,,2.0,4 m²,,,,1.0,,
469,2,,1.0,42.0,Condo/Apartment,,,1932.0,,"Radiator, Common, Gas",,No data,No data,,,,1.0,1.0,,,,,,,,,
470,2,4.0,1.0,91.0,Condo/Apartment,,,1981.0,,"Radiant, Common, Electric",,E292,B8,,,1.0,,,,2.0,4 m²,,,,1.0,,
471,2,6.0,,41.62,Condo/Apartment,,,1900.0,,"Individual, Electric",,G511,C16,,,,,,,,,,,,,,
472,2,6.0,1.0,45.0,Condo/Apartment,Good condition,,1890.0,,"Radiator, Individual, Gas","Hot water tank, Individual",D182,D38,43.55 m²,Main drainage,,,,,,,,,,,,
473,3,7.0,2.0,84.0,Condo/Apartment,,,1974.0,,"Radiator, Electric",,E269,B8,,,1.0,1.0,,,,,,,,,,
474,6,6.0,4.0,175.0,Condo/Apartment,,,1890.0,,"Common, Gas",,D177,D41,,,1.0,,2.0,,,,,,,,,
475,1,6.0,,23.74,Condo/Apartment,,,,,"Radiator, Individual, Electric",,F422,C13,,,1.0,1.0,,,,,,,,,,
476,2,7.0,1.0,52.84,Condo/Apartment,,,1964.0,,"Radiator, Common, Gas",,D235,D30,,,1.0,1.0,,,,,,,,,,
477,2,18.0,1.0,47.34,Condo/Apartment,,,1973.0,,Common,,C105,C20,,,,1.0,1.0,,,,,,,,,
478,1,12.0,,28.6,Condo/Apartment,,,1970.0,,"Radiator, Common, Gas",,D219,D46,,,1.0,1.0,,,,,,,,,,
479,1,8.0,,25.0,Condo/Apartment,,,1970.0,,"Common, Gas",,E325,E69,,,,,,,,,,,,,,
480,3,,2.0,60.0,,,,,,,,E312,E64,,,1.0,1.0,,,,,1.0,1.0,,,,
481,3,,2.0,85.0,,,,,,,,D184,D31,,,2.0,2.0,,,,,,1.0,,,,
482,4,,3.0,82.0,,,,,,,,B51,B6,,,1.0,2.0,,,,,,1.0,,,,
483,1,,,29.0,Condo/Apartment,,,,,Electric,,C191,C20,,,1.0,1.0,,,,,,1.0,,,,
484,3,,2.0,64.0,,,,,,,,B51,B6,,,,1.0,,,,,,,,,,
485,3,6.0,1.0,48.0,Condo/Apartment,,,1948.0,,Electric,Hot water tank,F400,C13,48 m²,,1.0,,,,,,,,,,,
486,2,5.0,1.0,36.0,Condo/Apartment,,,1930.0,,Electric,,E328,B10,36 m²,,2.0,1.0,,,,,,,,,,
487,1,5.0,,21.15,Condo/Apartment,,,,,Electric,Hot water tank,D219,B6,21 m²,,1.0,1.0,,,,,,,,,,
488,5,6.0,3.0,140.0,Condo/Apartment,,,,,,Hot water tank,D197,D34,140 m²,,2.0,1.0,,,,,,,40 m²,,,
489,1,,,27.0,,,,,,,,E,B,27 m²,,1.0,1.0,,,,,,,,,,
490,4,6.0,,121.0,Condo/Apartment,,,1881.0,,,,E,,121 m²,,1.0,,,,,,,,,,,
491,1,2.0,,28.0,Condo/Apartment,,,1930.0,,,,F,,28 m²,,1.0,,,,,,1.0,,,,,
492,2,1.0,1.0,35.0,Condo/Apartment,,,,,Electric,Boiler,No data,No data,35 m²,,1.0,1.0,,,,,,,,,,
493,3,6.0,2.0,52.0,Condo/Apartment,,,,,Electric,,E306,B9,52 m²,,2.0,1.0,,,,,,,,,,
494,3,6.0,2.0,56.3,,,,,,,,No data,No data,56 m²,,1.0,1.0,,,,,,,,,,
495,2,6.0,1.0,43.0,Condo/Apartment,,,,,Gas,Boiler,E,E,43 m²,,1.0,1.0,,,,,,,,,,
496,2,6.0,1.0,20.0,Condo/Apartment,,,1881.0,,Electric,Hot water tank,F475,C15,20 m²,,1.0,,,,,,,,,,,
497,2,7.0,1.0,41.0,Condo/Apartment,,,,,Gas,Boiler,E320,E69,41 m²,,1.0,1.0,,,,,,,,,,
498,2,6.0,1.0,15.3,Condo/Apartment,,,,,Electric,Hot water tank,G,C,15 m²,,1.0,1.0,,,,,,,,,,
499,3,6.0,2.0,67.0,Condo/Apartment,,,,,Gas,,C114,C17,67 m²,,1.0,2.0,,,,,1.0,1.0,,,,
500,2,6.0,,42.0,Condo/Apartment,,,,,Electric,,B101,A2,42 m²,,1.0,1.0,,,,,,,,,,
501,3,6.0,2.0,75.0,Condo/Apartment,,,,,Gas,,C114,C17,75 m²,,1.0,2.0,,,,,1.0,1.0,,,,
502,5,8.0,3.0,100.0,Condo/Apartment,,,,,Gas,,D237,D48,100 m²,,3.0,1.0,,,,,,,38 m²,,,
503,3,8.0,1.0,72.0,,,,,,,,F295,F92,72 m²,,1.0,1.0,,,,,,,,,,
504,3,,2.0,68.0,Condo/Apartment,,,,,Gas,,D186,D40,,,1.0,,,,,,,,,,,
505,3,,2.0,56.0,,,,,,,,E298,E65,56 m²,,1.0,,,,,,,,,,,
506,2,,1.0,47.0,,,,,,,,E300,E65,47 m²,,1.0,,,,,,,,,,,
507,2,,1.0,36.0,,,,,,,,No data,No data,36 m²,,,,,,,,,,,,,
508,3,6.0,1.0,64.6,Condo/Apartment,,,1881.0,,Gas,,E287,E60,64 m²,,1.0,1.0,,,,,,,,,,
509,1,,,17.0,,,,,,,,G524,G113,17 m²,,,,,,,,,,,,,
510,3,,1.0,37.0,,,,,,,,E315,B10,,,1.0,1.0,,,,,,,,,,
511,2,,1.0,26.0,Condo/Apartment,,,,,Electric,,E316,B10,,,1.0,1.0,,,,,,,,,,
512,2,,1.0,45.0,Condo/Apartment,,,,,Gas,,D240,D43,,,,1.0,,,,,,,,,,
513,4,,2.0,116.0,,,,,,,,E228,E50,,,,2.0,,,,,,,,,,
514,2,,1.0,59.0,Condo/Apartment,,,,,Gas,,E283,E62,,,,1.0,,,,,,,,,,
515,2,,1.0,40.0,Condo/Apartment,,,,,Electric,,D201,D47,,,1.0,1.0,,,,,,,,,,
516,3,4.0,2.0,74.77,Condo/Apartment,,,,,"Individual, Electric",,F405,C13,,,,1.0,1.0,,,,,,,,,
517,4,,3.0,97.0,Condo/Apartment,,,,,Electric,,E283,B9,,,1.0,2.0,,,,,,,,,,
518,2,,,51.0,,,,,,,,E286,E62,,,1.0,1.0,,,,,,,,,,
519,3,,2.0,75.0,Condo/Apartment,,,,,Gas,,D187,D33,75 m²,,,,,,,,,,,,,
520,2,,1.0,49.0,Condo/Apartment,,,1900.0,,Electric,,E260,F56,49 m²,,,,,,,,,,,,,
521,3,,2.0,51.0,Condo/Apartment,,,1850.0,,Gas,,E300,E65,51 m²,,,,,,,,,,,,,
522,1,,,7.0,,,,,,,,G721,G126,,,,1.0,,,,,,,,,,
523,3,,2.0,47.0,,,,,,,,G630,C20,,,,,,,,,,,,,,
524,2,,1.0,58.02,Condo/Apartment,Good condition,,,,,,E277,E57,,,,,,,,,,,,,,
525,2,,1.0,44.0,,,,,,,,G424,C14,,,,,,,,,,,,,,
526,2,,1.0,26.0,,,,,,,,E325,D45,,,,,,,,,,,,,,
527,2,,1.0,44.0,,,,,,,,F408,F88,,,,,,,,,,,,,,
528,2,,1.0,43.0,Condo/Apartment,,,,,"Common, Fuel oil",,No data,No data,,,1.0,1.0,1.0,,,,,,,,,
529,2,,1.0,58.0,Condo/Apartment,Good condition,,,,,,C149,A4,,,,,,,,,,,,,,
530,5,,3.0,136.83,Condo/Apartment,,,1880.0,,"Individual, Gas",,E271,E55,,,1.0,2.0,1.0,,,,,,,,,
531,1,,,12.0,Condo/Apartment,,,1947.0,,"Individual, Electric",,G811,C26,,,,,,,,,,,,,,
532,3,,,49.0,Condo/Apartment,,,1895.0,,"Individual, Electric",,E296,B9,,,,,,,,,,,,,,
533,2,,1.0,54.0,Condo/Apartment,,,1978.0,,"Common, Gas",,D159,D30,,,1.0,1.0,,,,,,,,,,
534,2,,,33.0,Condo/Apartment,,,1900.0,,"Individual, Gas",,G618,G111,,,,,,,,,,,,,,
535,2,,1.0,25.0,Condo/Apartment,,,1930.0,,,,F365,C11,,,1.0,1.0,,,,,,,,,,
536,3,,2.0,51.0,Condo/Apartment,,,1900.0,,,,D209,D42,51 m²,,1.0,1.0,,,,,,,17 m²,,,
537,5,,3.0,123.0,Condo/Apartment,,,1950.0,,,,D239,D49,123 m²,,1.0,1.0,,,,,,,28 m²,,,
538,4,,2.0,89.0,Condo/Apartment,,,1970.0,,Gas,,D237,D48,89 m²,,2.0,2.0,,,,,,1.0,29 m²,,,
539,3,,2.0,62.0,Condo/Apartment,,,1900.0,,Gas,,E284,E61,62 m²,,,1.0,,,,,1.0,,,,,
540,5,,3.0,103.0,Condo/Apartment,,,2005.0,,,,C134,C25,103 m²,,2.0,,,,,,,,,,,
541,1,,,4.65,,,,,,,,No data,No data,4 m²,,,,,,,,,,,,,
542,2,,1.0,32.0,Condo/Apartment,,,,,Electric,Hot water tank,E344,B11,32 m²,,1.0,1.0,,,,,,,,,,
543,2,,1.0,42.6,,,,,,,,D215,D6,42 m²,,,,,,,,,,,,,
544,2,4.0,1.0,34.5,Condo/Apartment,,,1850.0,,"Radiator, Individual, Gas",Hot water tank,F361,F78,,,,1.0,1.0,,,,,,,,,
545,1,,,9.0,Condo/Apartment,,,,,"Individual, Electric",,No data,No data,,,,,,,,,,,,,,
546,1,,,10.29,Condo/Apartment,,,1948.0,,"Radiator, Individual, Electric",,F529,C16,,,,,,,,,,,,,,
547,5,1.0,3.0,122.28,Condo/Apartment,,,1930.0,,Common,,E275,D49,,,1.0,,1.0,,,,,,,,,
548,1,,1.0,23.0,Condo/Apartment,,,2000.0,,"Radiator, Individual, Electric",,E311,B9,,,,,,,,,,,,,,
549,3,,2.0,65.0,Condo/Apartment,,,1971.0,,"Radiator, Common, Gas",,D212,C27,,,1.0,1.0,1.0,,,,1.0,,,,,
550,1,,,26.1,Condo/Apartment,,,,,"Air-conditioning, Individual, Heat pump",,C181,A5,,,,,1.0,,,,,,,,,
551,2,3.0,1.0,108.0,House,,,1840.0,,"Convector, Individual, Electric",,D183,A5,,,,1.0,1.0,,,,1.0,,,,,
552,3,,2.0,77.0,Condo/Apartment,,,2011.0,,Common,,C91,C17,,,,1.0,1.0,,,,1.0,,,,,
553,1,,,24.0,Condo/Apartment,,,1896.0,,Common,,No data,No data,,,,1.0,1.0,,,,,,,,,
554,4,2.0,3.0,78.0,Condo/Apartment,,,1980.0,,"Radiator, Individual, Gas",,C133,D27,,,1.0,1.0,,,,,,,,,,
555,3,1.0,2.0,50.77,Condo/Apartment,,,1920.0,,,,E312,E68,,,1.0,1.0,,,,,,,,,,
556,2,,1.0,33.0,Condo/Apartment,,,,,"Radiator, Individual, Electric",,D250,B7,,,,1.0,1.0,,,,,,,,,Calm
557,3,,2.0,58.0,Condo/Apartment,,,1964.0,,"Common, Gas",,C133,C23,,,1.0,1.0,,,,,1.0,,,,,Calm
558,2,,1.0,68.0,Condo/Apartment,,,1934.0,,"Common, Gas",,D202,D43,,,,1.0,1.0,,,,,,,,,Calm
559,2,,1.0,41.13,Condo/Apartment,,,1970.0,,Radiator,,E258,D35,,,1.0,1.0,,,,,,,,,,Calm
560,1,,,25.0,Condo/Apartment,,,1981.0,,"Common, Gas",,G599,C18,,,1.0,1.0,,,,,,,,,,
561,3,,2.0,67.0,Condo/Apartment,,,1956.0,,Common,,D206,D35,,,,1.0,1.0,,,,1.0,,,,,Calm
562,1,,1.0,18.22,Condo/Apartment,,,1934.0,,"Common, Gas",,E343,D43,,,,1.0,1.0,,,,,,,,,
563,3,1.0,2.0,79.92,Condo/Apartment,,,1880.0,,"Individual, Gas",,D229,D49,,,1.0,1.0,,,,,,,,,,
564,1,,1.0,25.18,Condo/Apartment,,,1860.0,,"Convector, Individual, Electric",,G467,C15,,,,1.0,1.0,,,,,,,,,Calm
565,1,,,33.24,Condo/Apartment,,,1991.0,,"Individual, Electric",,D223,A6,,,1.0,1.0,,,,,,,,,,
566,2,,1.0,53.0,Condo/Apartment,,,1800.0,,"Individual, Electric",,D207,B6,,,1.0,1.0,,,,,1.0,,,,,
567,3,1.0,2.0,79.92,Condo/Apartment,,,1880.0,,"Individual, Gas",,D229,D49,,,1.0,1.0,,,,,,,,,,
568,3,,2.0,65.0,Condo/Apartment,,,1960.0,,"Common, Gas",,C140,C16,,,1.0,1.0,1.0,,,,,,,,,
569,2,,1.0,47.5,Condo/Apartment,,,1900.0,,"Individual, Gas",,No data,No data,,,,1.0,1.0,,,,,,,,,Calm
570,2,,1.0,48.0,Condo/Apartment,,,1956.0,,"Common, Gas",,C137,C28,,,1.0,1.0,,,,,,,,,,Calm
571,2,,1.0,50.0,Condo/Apartment,,,1800.0,,"Common, Gas",,D164,D34,,,,1.0,1.0,,,,,,,,,Calm
572,1,,,18.4,Condo/Apartment,,,1999.0,,"Radiator, Individual, Electric",,E264,B7,,,,1.0,1.0,,,,,,,,,
573,1,,,18.4,Condo/Apartment,,,1999.0,,"Radiator, Individual, Electric",,E264,B7,,,,1.0,1.0,,,,,,,,,
574,2,,1.0,31.0,Condo/Apartment,,,,,"Individual, Gas",,E285,E61,,,1.0,1.0,,,,,,,,,,
575,2,,1.0,46.0,Condo/Apartment,,,,,"Common, Gas",,G581,F98,,,1.0,1.0,,,,,,,,,,
576,3,,2.0,58.0,Condo/Apartment,,,,,"Common, Gas",,D193,D41,,,1.0,1.0,,,,,,,,,,
577,2,,1.0,26.0,Condo/Apartment,,,,,"Individual, Electric",,G493,C16,,,,1.0,,,,,,,,,,
578,1,,1.0,33.0,Condo/Apartment,,,,,Individual,,E267,B8,,,,1.0,,,,,,,,,,
579,2,,1.0,33.0,Condo/Apartment,,,1900.0,,Common,,E271,D42,,,1.0,1.0,,,,,,,,,,
580,2,,1.0,49.0,Condo/Apartment,,,1970.0,,Common,,E318,E69,,,,1.0,,,,,1.0,,,,,
581,1,,,40.0,Condo/Apartment,,,,,"Common, Gas",,E325,D44,,,1.0,1.0,,,,,,,,,,
582,3,,2.0,52.0,,,,,,,,D226,D45,,,1.0,,,,,,,,,,,
583,3,,,46.0,Condo/Apartment,,,,,"Common, Gas",,F345,F62,,,,,,,,,,,,,,
584,5,,3.0,136.0,Condo/Apartment,,,1964.0,,Common,,D244,D49,,,2.0,2.0,,,,,,,,,1.0,
585,4,,2.0,185.0,,,,,,,,E315,E50,,,1.0,,,,,,1.0,,,,,
586,3,,,90.0,,,,,,,,No data,No data,,,,,,,,,,,,,,
587,3,,2.0,93.0,,,,,,,,C150,C16,,,,2.0,,,,,1.0,,,,,
588,3,,2.0,66.0,,,,,,,,No data,No data,,,1.0,,,,,,,,,,,
589,2,,1.0,48.0,Condo/Apartment,,,1950.0,,"Individual, Electric",,F392,C12,,,1.0,1.0,,,,,,,,,,
590,1,,,8.0,Condo/Apartment,,,1880.0,,"Individual, Electric",,D32,B9,,,,,,,,,,,,,,
591,1,,1.0,9.0,Condo/Apartment,,,1930.0,,,,F374,F65,,,,,,,,,,,,,,
592,3,,,72.0,Condo/Apartment,,,1900.0,,"Common, Gas",,E186,E55,,,,,,,,,,,,,,
593,6,,4.0,120.0,Condo/Apartment,,,,,"Common, Gas",,C159,C28,,,2.0,2.0,,,,,,,,,,
594,7,,4.0,316.0,Condo/Apartment,,,1880.0,,"Common, Gas",,E315,E54,,,3.0,,,,,,,,,,,
595,1,,,7.0,,,,,,,,F657,C22,,,,,,,,,,,,,,
596,5,,3.0,117.0,Condo/Apartment,,,2011.0,,,,No data,No data,,,2.0,2.0,,,,,,,,,1.0,
597,2,,1.0,26.0,Condo/Apartment,,,1955.0,,,,No data,No data,,,1.0,1.0,,,,,,,,,,
598,3,,2.0,51.0,Condo/Apartment,,,,,Individual,,D228,D49,,,1.0,1.0,,,,,,,,,,
599,2,,,24.0,Condo/Apartment,,,1908.0,,"Individual, Electric",,G578,C19,,,,,,,,,,,,,,
600,3,,1.0,53.0,Condo/Apartment,,,,,Individual,,E281,B9,,,1.0,1.0,,,,,,,,,,
601,3,,2.0,58.0,House,,,,,"Individual, Electric",,F415,C13,,,1.0,2.0,,,,,,,,,,
602,3,,1.0,65.0,Condo/Apartment,,,,,"Individual, Electric",,No data,No data,,,,1.0,,,,,,,,,,
603,3,,2.0,58.0,Condo/Apartment,,,,,"Individual, Electric",,F415,C13,,,1.0,2.0,,,,,,,,,,
604,2,,1.0,38.0,Condo/Apartment,,,,,Individual,,E326,B10,,,1.0,1.0,,,,,,,,,,
605,3,,2.0,82.0,Condo/Apartment,,,,,Individual,,E254,E55,,,2.0,1.0,,,,,,,,,,
606,2,,1.0,45.0,Condo/Apartment,,,,,Common,,E268,D34,,,1.0,1.0,,,,,,,,,,
607,1,,,18.0,Condo/Apartment,,,1900.0,,"Individual, Electric",,G577,C18,,,,1.0,,,,,,,,,,
608,2,,1.0,35.0,Condo/Apartment,,,,,Individual,,G490,C16,,,1.0,1.0,,,,,,,,,,
609,2,,1.0,39.0,Condo/Apartment,,,1799.0,,"Individual, Electric",,D235,B7,,,1.0,1.0,,,,,,,,,,
610,1,,,12.0,Condo/Apartment,,,,,"Individual, Electric",,C270,A8,,,,1.0,,,,,,,,,,
611,4,,2.0,102.0,Condo/Apartment,,,1972.0,,Common,,C152,C18,,,,1.0,,,,,1.0,,,,,
612,2,,1.0,54.0,Condo/Apartment,,,1970.0,,Common,,D230,D49,,,,1.0,,,,,1.0,,,,,
613,2,,1.0,47.0,Condo/Apartment,,,1994.0,,Common,,D187,D37,,,1.0,1.0,,,,,1.0,,,,1.0,
614,3,,2.0,66.0,Condo/Apartment,,,1967.0,,Common,,C126,C26,,,,1.0,,,,,1.0,,,,,
615,2,,1.0,47.0,Condo/Apartment,,,1978.0,,Common,,D219,D47,,,,1.0,,,,,,,,,,
616,1,,1.0,11.0,Condo/Apartment,,,1930.0,,,,No data,No data,,,,1.0,,,,,,,,,,
617,2,,1.0,37.0,Condo/Apartment,,,1880.0,,"Individual, Electric",,F418,C13,,,,1.0,,,,,,,,,,
618,3,,1.0,77.0,Condo/Apartment,,,1880.0,,"Individual, Gas",,C168,A5,,,,1.0,,,,,,,,,,
619,4,,2.0,150.0,Condo/Apartment,,,1954.0,,"Common, Fuel oil",,D205,D45,,,1.0,2.0,,,,,,,,,,
620,2,,,42.0,,,,,,,,G447,C16,,,,,,,,,,,,,,
621,3,,2.0,45.0,Condo/Apartment,,,1914.0,,"Individual, Gas",,D195,D41,,,,1.0,,,,,,,,,,
622,2,,,27.0,Condo/Apartment,,,,,"Individual, Electric",,E318,B10,,,,,,,,,,,,,,
623,2,,,36.0,Condo/Apartment,,,1850.0,,"Common, Gas",,F357,E55,,,,,,,,,,,,,,
624,2,,1.0,36.0,Condo/Apartment,,,1900.0,,Individual,,D249,B8,,,,1.0,,,,,,,,,,
625,7,,3.0,165.0,Condo/Apartment,,,1880.0,,"Individual, Gas",,F344,E57,,,3.0,3.0,,,,,,,,,,
626,2,,1.0,58.0,Condo/Apartment,,,1900.0,,"Individual, Gas",,C145,C29,,,,1.0,,,,,,,,,,
627,3,,1.0,58.0,Condo/Apartment,,,1900.0,,"Individual, Gas",,C145,C29,,,,1.0,,,,,,,,,,
628,2,,,68.0,Condo/Apartment,,,1934.0,,Common,,No data,No data,,,,,,,,,,,,,,
629,1,,1.0,28.0,Condo/Apartment,,,1930.0,,Common,,No data,No data,28 m²,,,,,,,,,,,,,
630,4,7.0,2.0,102.1,Condo/Apartment,Requires renovation,,1972.0,,"Radiator, Common","Boiler, Collective",C152,C18,102.1 m²,Main drainage,,,,,,,,,,,,
631,2,6.0,1.0,53.0,Condo/Apartment,,,,,"Radiator, Individual, Gas",Boiler,F367,F80,,,,,,,,,,,,,,
632,4,7.0,3.0,127.33,Condo/Apartment,,,1900.0,,"Radiator, Individual, Gas",Boiler,D312,E68,,Main drainage,1.0,1.0,,,,,,,,,,
633,1,6.0,,7.0,Condo/Apartment,,,1890.0,,Individual,,G,C23,,,,1.0,1.0,,,,,,,,,
634,1,6.0,,7.0,,,,,,,,F657,C22,,,,,,,,,,,,,,
635,3,,2.0,62.0,Condo/Apartment,,,,,Common,,D230,D35,,Main drainage,,1.0,1.0,,,,1.0,,,,,
636,2,6.0,1.0,26.0,Condo/Apartment,,,1955.0,,,,F,C,,,1.0,1.0,,,,,,,,,,
637,6,2.0,4.0,112.0,Condo/Apartment,,,1860.0,,"Radiator, Individual, Gas",Boiler,F413,F71,,,,1.0,1.0,,,,,,,,,
638,2,15.0,1.0,60.0,Condo/Apartment,,,1973.0,,"Radiator, Mixed, Electric",,E294,B9,,,1.0,1.0,,,1.0,,1.0,,,,,
639,2,4.0,1.0,47.23,Condo/Apartment,,,1900.0,,"Radiator, Individual, Gas",Boiler,E236,E50,,,,1.0,1.0,,,,,,,,,
640,4,8.0,3.0,97.03,Condo/Apartment,Excellent condition,,1963.0,,"Radiator, Common, Fuel oil","Boiler, Collective",E199,E56,97.03 m²,Main drainage,,,,,,,,,,,,
641,6,6.0,3.0,156.0,Condo/Apartment,Requires renovation,,,,"Radiator, Individual, Gas","Boiler, Individual",D182,D39,156 m²,,,,,,,,,,,,,
642,1,,,6.05,Condo/Apartment,,,1881.0,,,,No data,No data,8 m²,,,,,,,,,,,,,
643,6,6.0,3.0,156.0,Condo/Apartment,Requires renovation,,1890.0,,"Radiator, Individual, Gas","Boiler, Individual",D182,D39,156 m²,,,,,,,,,,,,,
644,3,,2.0,71.0,Condo/Apartment,,,1881.0,,Common,,No data,No data,71 m²,,,,,,,,,,,,,
645,3,6.0,2.0,47.95,Condo/Apartment,Excellent condition,,1907.0,,"Convector, Individual, Electric","Hot water tank, Individual",E314,B10,,Main drainage,,,,,,,,,,,,
646,3,5.0,2.0,70.0,Condo/Apartment,Excellent condition,,,,"Radiator, Gas","Boiler, Individual",D199,D36,81.67 m²,Main drainage,,,,,,,,,,,,
647,3,,2.0,80.0,Condo/Apartment,Good condition,,2006.0,,"Central, District heating, Wood pellet","Boiler, Collective",B89,B10,80 m²,Main drainage,,,,,,,,,,,,
648,6,8.0,4.0,110.0,Condo/Apartment,Good condition,Regular,1970.0,2020.0,Radiator,"Hot water tank, Individual",C150,C26,110 m²,Main drainage,,,,,,,,,,,,
649,1,4.0,,21.0,Condo/Apartment,Good condition,Regular,,,"Radiator, Individual, Electric","Boiler, Individual",F384,B12,21 m²,Main drainage,,,,,,,,,,,,
650,4,9.0,2.0,95.02,Condo/Apartment,Excellent condition,Regular,1959.0,,"Radiator, Common, Gas","Boiler, Collective",D217,D32,96 m²,Main drainage,,,,,,,,,,,,
651,2,10.0,1.0,52.37,Condo/Apartment,Excellent condition,Regular,1965.0,,"Air-conditioning, Common","Hot water tank, Individual",D221,C21,,Main drainage,,,,,,,,,,,,
652,2,,,28.4,House,,,,,"Radiator, Individual, Electric",,E515,B14,34 m²,,,,,41.04 m²,,,,,,,,
653,5,6.0,3.0,104.61,Condo/Apartment,,,1900.0,,"Radiator, Individual, Gas",,C114,C24,105 m²,,2.0,1.0,,,,,,,,,,
654,3,6.0,1.0,77.03,Condo/Apartment,,,1890.0,,"Convector, Individual, Electric",,E267,B8,80 m²,,1.0,1.0,,80.48 m²,,,,,,,,
655,2,6.0,1.0,66.03,Condo/Apartment,,,1900.0,,"Radiator, Common",,E268,E51,67 m²,,1.0,2.0,,66.4 m²,,,,,,,,
656,6,3.0,3.0,115.27,Condo/Apartment,,,1933.0,,"Radiator, Common, Gas",,E323,B10,130 m²,,2.0,2.0,,115.96 m²,2.0,,1.0,,,1.0,,
657,2,2.0,1.0,25.5,Condo/Apartment,,,1980.0,,"Individual, Electric",,E323,B10,25.5 m²,,1.0,1.0,,,,,,,,,,
658,1,6.0,,6.05,Condo/Apartment,,,1900.0,,,,E275,E48,6.05 m²,,,,,,,,,,,,,
659,6,7.0,3.0,132.0,Condo/Apartment,,,1971.0,,"Radiator, Common, Gas",,D224,D48,138 m²,,2.0,2.0,,,3.0,,1.0,,,,,
660,2,5.0,1.0,42.0,Condo/Apartment,,,1850.0,,"Radiator, Individual, Electric",Hot water tank,E303,B9,,,1.0,1.0,,,,,,,,,,
661,2,6.0,1.0,38.0,Condo/Apartment,,,1870.0,,,Hot water tank,No data,No data,,,,1.0,1.0,,,,,,,,,
662,7,6.0,5.0,225.0,Condo/Apartment,,,1900.0,,"Radiator, Individual, Gas",,D188,D40,,,3.0,2.0,,,1.0,,,,,,,
663,3,6.0,2.0,49.0,Condo/Apartment,,,,,"Radiator, Individual, Electric",Hot water tank,E309,B10,,,,1.0,1.0,,,,,,,,,
664,4,6.0,3.0,101.54,Condo/Apartment,,,1770.0,,"Air-conditioning, Individual, Heat pump",Hot water tank,C112,A3,,,,1.0,1.0,,,,,,,,,
665,3,4.0,2.0,74.12,Condo/Apartment,,,1930.0,,"Radiator, Common, Gas",,F,F75,,,1.0,1.0,,,,,,,,,,
666,5,8.0,2.0,165.4,Condo/Apartment,Requires renovation,Regular,1949.0,,"Radiator, Common, Gas","Boiler, Collective",D222,D48,165.4 m²,Main drainage,,,,,,,,,,,,
667,2,,1.0,40.0,Condo/Apartment,,,1930.0,,Electric,,No data,No data,,,1.0,,,,,,,,,,,
668,9,,6.0,169.0,,,,,,,,E257,E55,,,,,,134 m²,,,,,,,,
669,1,,,18.0,Condo/Apartment,,,1920.0,,"Common, Fuel oil",,E289,E60,,,,,,,,,,,,,,
670,1,,,11.54,Condo/Apartment,,,,,"Individual, Electric",,G968,C31,,,,,,,,,,,,,,
671,1,,,32.3,Condo/Apartment,,,,,"Radiator, Common, Gas",,D203,D34,,,,1.0,1.0,,1.0,6.9 m²,,,,,,
672,3,6.0,,45.02,Condo/Apartment,,,,,Individual,,D195,D41,,,,,,,,,,,,,,
673,3,6.0,2.0,45.2,Condo/Apartment,,,1840.0,,"Radiator, Individual, Gas",,F419,F92,,,,1.0,1.0,,,,,,,,,
674,3,6.0,2.0,45.2,Condo/Apartment,,,1840.0,,"Radiator, Individual, Gas",,F419,F92,,,,1.0,1.0,,,,,,,,,
675,2,7.0,1.0,51.0,Condo/Apartment,,,1970.0,,"Radiator, Common, Gas",,C148,C27,,,1.0,,,,,,,,,,,
676,2,6.0,1.0,43.02,Condo/Apartment,,,,,"Radiator, Individual, Gas",,D223,B7,,,,1.0,1.0,,,,,,,,,
677,2,7.0,1.0,51.0,Condo/Apartment,,,1970.0,,"Radiator, Common, Gas",,C148,C27,,,1.0,,,,,,,,,,,
678,4,6.0,3.0,114.77,Condo/Apartment,,,1900.0,,"Radiator, Individual, Electric",,D238,B7,,,1.0,1.0,1.0,,1.0,3.18 m²,,,,,,
679,2,,1.0,57.0,Condo/Apartment,,,,,Radiator,,F382,C12,,,1.0,1.0,1.0,,,,,,,,,
680,3,,1.0,52.0,Condo/Apartment,,,,,"Radiator, Electric",,E299,B9,,,1.0,,,27 m²,,,,,,,,
681,2,6.0,1.0,36.89,Condo/Apartment,,,1870.0,,"Individual, Electric",,F357,D49,,,,,1.0,,,,,,,,,
682,1,,1.0,29.0,Condo/Apartment,,,,,"Radiator, Electric",,D253,C30,,,,,1.0,,,,,,,,,
683,6,,,174.55,Condo/Apartment,,,1900.0,,Common,,E306,E56,,,,,,,,,,,,,,
684,2,6.0,,24.2,Condo/Apartment,,,1908.0,,"Individual, Electric",,G578,C19,,,,,,,,,,,,,,
685,2,6.0,1.0,40.0,Condo/Apartment,,,1910.0,,"Radiator, Individual, Electric",,G529,C17,,,,1.0,1.0,,,,,,,,,
686,3,6.0,,72.0,Condo/Apartment,,,1900.0,,"Radiator, Common, Gas",,E186,E55,,,,,,,,,,,,,,
687,3,,,61.32,Condo/Apartment,,,,,"Radiator, Individual, Electric",,E273,B9,,,,,,,,,,,,,,
688,3,10.0,3.0,73.0,Condo/Apartment,,,1961.0,,"Radiator, Individual, Electric",,F366,C28,,,1.0,1.0,,,1.0,2.55 m²,,,,,,
689,6,7.0,4.0,148.25,Condo/Apartment,Good condition,Regular,1910.0,,"Radiator, Individual, Gas",Individual,E295,E64,,Main drainage,,,,,,,,,,,,
690,2,1.0,1.0,39.0,Condo/Apartment,Excellent condition,Regular,,,"Radiator, Individual, Gas","Hot water tank, Individual",E273,E59,,Main drainage,,,,,,,,,,,,
691,3,,2.0,86.0,Condo/Apartment,New,Luxury,1900.0,2023.0,Individual,Individual,D146,D31,86 m²,,,,,,,,,,,,,
692,6,8.0,4.0,120.0,Condo/Apartment,,,,,"Common, Gas",,C159,C28,,,2.0,2.0,,,1.0,15 m²,,,,,,
693,3,3.0,2.0,66.0,Condo/Apartment,,,1990.0,,"Radiant, Common, Gas",,E309,E67,,,,1.0,1.0,285.7 m²,,,,,,,1.0,
694,4,6.0,3.0,99.87,Condo/Apartment,,,1880.0,,"Individual, Gas",,D142,D30,,,,1.0,1.0,,1.0,,,,,,,
695,2,,,42.5,,,,,,,,G447,C16,,,,,,,,,,,,,,
696,2,7.0,,68.0,Condo/Apartment,,,1934.0,,Common,,No data,No data,,,,,,,,,,,,,,
697,2,,,27.34,Condo/Apartment,,,,,"Individual, Electric",,E318,B10,,,,,,,,,,,,,,
698,2,7.0,,43.98,Condo/Apartment,,,1980.0,,"Radiator, Electric",,D220,B7,,,,,,,,,,,,,,
699,3,6.0,2.0,54.66,Condo/Apartment,,,1900.0,,"Radiator, Individual, Electric",,F387,C12,,,1.0,1.0,,,,,,,,,,
700,5,6.0,3.0,138.2,Condo/Apartment,,,1830.0,,"Individual, Gas",,D222,D44,,,1.0,2.0,1.0,,,,,,,,,
701,1,3.0,,12.99,Condo/Apartment,,,,,"Individual, Electric",,C270,A8,,,,1.0,1.0,,,,,,,,,
702,2,,1.0,39.96,Condo/Apartment,,,1799.0,,"Individual, Electric",,D235,B7,,,1.0,1.0,,,,,,,,,,
703,4,,3.0,78.0,Condo/Apartment,New,,,,,,No data,No data,,,1.0,1.0,,,,,,1.0,,,,
704,3,,2.0,68.0,Condo/Apartment,New,,,,,,No data,No data,,,1.0,1.0,,,,,,1.0,,,,
705,5,6.0,3.0,175.0,Condo/Apartment,,,1890.0,,"Radiator, Individual, Gas",,D234,D35,,,1.0,3.0,1.0,,1.0,,,,,,,
706,2,,1.0,26.0,,,,,,,,No data,No data,,,,1.0,1.0,,,,,,,1.0,,
707,4,,3.0,82.0,Condo/Apartment,,,,,Gas,,E312,E68,,,1.0,2.0,,,,,,,,,,
708,2,,1.0,39.0,Condo/Apartment,,,,,Gas,,D217,D46,,,,,,,,,,,,,,
709,3,,2.0,54.0,Condo/Apartment,,,,,Gas,,F366,F80,,,1.0,1.0,,,,,,,,,,
710,3,,2.0,53.0,Condo/Apartment,,,,,Gas,,D177,D37,,,1.0,1.0,,,,,,,,,,
711,1,,1.0,22.0,Condo/Apartment,,,,,Electric,,F405,C13,,,,1.0,,,,,,,,,,
712,1,,1.0,11.0,,,,,,,,F842,C27,11 m²,,1.0,1.0,,,,,,,,,,
713,1,5.0,1.0,28.0,Condo/Apartment,,,,,Gas,,E308,D46,28 m²,,1.0,1.0,,,,,,,,,,
714,2,6.0,1.0,49.0,Condo/Apartment,,,1890.0,,Electric,,E294,B9,49 m²,,1.0,1.0,,,,,,,21 m²,,,
715,4,6.0,2.0,116.0,Condo/Apartment,,,1820.0,,Electric,,D243,A8,116 m²,,2.0,1.0,,,,,,,25 m²,,,
716,4,,,82.0,Condo/Apartment,,,1880.0,,Gas,,E254,E55,82 m²,,2.0,2.0,,,,,,,26 m²,,,
717,1,,1.0,13.0,Condo/Apartment,,,,,Electric,,A,A,13 m²,,1.0,,,,,,,,11 m²,,,
718,1,3.0,,20.0,Condo/Apartment,,,,,Electric,Hot water tank,D278,B8,20 m²,,1.0,,,,,,,,,,,
719,2,,1.0,54.0,Condo/Apartment,,,,,Gas,,F419,F92,,,1.0,1.0,,,,,,,,,,
720,5,,3.0,138.0,Condo/Apartment,,,,,Gas,,D222,D44,,,1.0,2.0,,,,,,,,,,
721,2,,1.0,36.0,Condo/Apartment,,,,,Gas,,F346,F75,,,1.0,1.0,,,,,,,,,,
722,3,,2.0,52.0,Condo/Apartment,,,,,Electric,,No data,No data,,,1.0,1.0,,,,,,,,,,
723,2,,1.0,45.0,Condo/Apartment,,,,,Electric,,D231,E56,,,1.0,1.0,,,,,,,,,,
724,2,,1.0,36.0,Condo/Apartment,,,,,Gas,,G688,C23,,,,1.0,,,,,,,,,,
725,2,,1.0,30.0,Condo/Apartment,,,,,Electric,,D245,B7,,,,1.0,,,,,,,,,,
726,3,,2.0,63.0,Condo/Apartment,,,,,Gas,,E260,E56,,,,1.0,,,,,,,,,,
727,6,,5.0,145.0,House,,,,,Gas,,C103,C18,,,1.0,3.0,,,,,,,,,,
728,2,,1.0,37.0,Condo/Apartment,,,,,Electric,,E321,C20,,,,1.0,,,,,,,,,,
729,2,,1.0,32.0,Condo/Apartment,,,,,Gas,,E287,B9,,,1.0,1.0,,,,,,,,,,
730,2,,1.0,45.0,Condo/Apartment,,,,,Electric,,D223,D43,,,,,,,,,,,,,,
731,2,7.0,1.0,49.45,,,,,,,,No data,No data,49 m²,,2.0,1.0,,,,,,,,,,
732,1,,,26.0,,,,,,,,F430,E68,,,,1.0,,,,,,,,,,
733,7,,4.0,175.0,House,,,1998.0,,,,E235,E51,175 m²,,3.0,2.0,,,,,,,,,,
734,2,,,34.0,,,,,,,,G456,C14,34 m²,,,,,,,,,,,,,
735,2,,1.0,21.0,Condo/Apartment,,,1900.0,,,,F361,B11,21 m²,,2.0,1.0,,,,,,,,,,
736,3,6.0,,50.84,Condo/Apartment,,,1919.0,,,,E,,50 m²,,,,,,,,,,,,,
737,3,6.0,2.0,74.03,Condo/Apartment,,,1900.0,,,,E,,74 m²,,,,,,,,,,,,,
738,3,,1.0,34.0,Condo/Apartment,,,,,Electric,,G562,D33,,,1.0,1.0,,,,,,,,,,
739,2,,1.0,66.0,,,,,,,,E313,B10,,,1.0,1.0,,,,,,,,,,
740,5,,4.0,120.0,Condo/Apartment,,,,,Gas,,No data,No data,,,1.0,2.0,,,,,,2.0,,,,
741,5,,4.0,135.0,Condo/Apartment,,,,,Gas,,No data,No data,,,1.0,2.0,,,,,,2.0,,,,
742,2,,1.0,54.0,Condo/Apartment,,,,,Gas,,D215,D42,,,1.0,1.0,,,,,,1.0,,,,
743,1,,1.0,17.0,Condo/Apartment,,,,,Electric,,F485,C15,,,,1.0,,,,,,,,,,
744,4,,2.0,87.0,Condo/Apartment,,,,,Solar,,E329,B10,,,2.0,1.0,,,,,,1.0,,,,
745,3,,2.0,50.0,Condo/Apartment,,,,,Electric,,E300,C11,,,,1.0,,,,,,,,,,
746,2,,1.0,30.0,Condo/Apartment,,,,,Electric,,F435,C18,,,,1.0,,,,,,,,,,
747,1,,,16.0,Condo/Apartment,,,,,Electric,,G694,C22,,,,1.0,,,,,,,,,,
748,2,,1.0,37.0,,,,,,,,No data,No data,37 m²,,1.0,,,,,,,2.0,,,,
749,2,,1.0,35.0,,,,,,,,No data,No data,35 m²,,1.0,,,,,,,2.0,,,,
750,3,,2.0,56.0,Condo/Apartment,,,,,Electric,,F373,C12,,,1.0,1.0,,,,,,,,,,
751,2,,1.0,63.0,Condo/Apartment,,,,,Electric,,D235,B6,,,,1.0,,,,,,,,,,
752,2,,1.0,46.0,Condo/Apartment,,,,,Electric,,E301,B9,,,,1.0,,,,,,,,,,
753,5,,4.0,136.0,Condo/Apartment,,,1932.0,,Gas,,D230,E41,136 m²,,,,,,,,,,,,,
754,3,,2.0,75.0,Condo/Apartment,,,,,Gas,,E312,E55,75 m²,,,,,,,,,,,,,
755,3,,2.0,50.0,Condo/Apartment,,,,,Electric,,G480,C15,50 m²,,1.0,1.0,,,,,,,,,,
756,3,,2.0,47.0,Condo/Apartment,Good condition,,,,,,G795,G26,,,,,,,,,,,,,,
757,3,,2.0,63.0,Condo/Apartment,Excellent condition,,,,,,E318,B10,,,,,,,,,,,,,,
758,2,,1.0,30.0,Condo/Apartment,Good condition,,,,,,F341,C11,,,,,,,,,,,,,,
759,1,,,18.5,Condo/Apartment,Requires renovation,,,,,,G600,G,,,,,,,,,,,,,,
760,4,,3.0,92.0,Condo/Apartment,,,,,Gas,,F321,F70,92 m²,,1.0,,,,,,1.0,1.0,,,,
761,3,,2.0,84.0,Condo/Apartment,,,,,Electric,,E250,D25,84 m²,,1.0,,,,,,1.0,1.0,,,,
762,1,,1.0,28.0,Condo/Apartment,,,1970.0,,"Common, Gas",,D255,D51,,,,1.0,1.0,,,,,,,,,
763,5,,3.0,145.0,Condo/Apartment,,,1840.0,,"Convector, Individual, Electric",,D249,B8,,,1.0,2.0,,,,,,,,,,
764,3,,2.0,78.0,Condo/Apartment,,,,,"Radiator, Common, Gas",,E243,E53,,,1.0,1.0,,,,,,,,,,
765,2,,1.0,37.0,Condo/Apartment,,,1880.0,,"Radiator, Individual, Gas",,E316,E68,,,1.0,1.0,,,,,,,,,,
766,1,,1.0,34.0,,,,,,,,No data,No data,,,,1.0,1.0,,,,,,,,,
767,2,,1.0,28.0,,,,,,,,No data,No data,,,,,,,,,,,,,,
768,2,,1.0,27.0,,,,,,,,No data,No data,,,,,,,,,,,,,,
769,1,,,35.0,,,,,,,,No data,No data,,,,,,,,,,,,,,
770,4,,3.0,117.0,Condo/Apartment,,,1912.0,,"Common, Gas",,E252,D47,,,2.0,2.0,,,,,,,,,,
771,1,,,22.0,Condo/Apartment,,,1902.0,,"Individual, Electric",,G603,C19,,,1.0,1.0,,,,,,,,,,
772,5,,3.0,121.0,Condo/Apartment,,,1884.0,,"Individual, Gas",,D228,D49,,,1.0,2.0,,,,,,,,,,
773,2,,1.0,26.0,Condo/Apartment,,,1910.0,,"Common, Electric",,G593,C19,,,1.0,1.0,,,,,,,,,,
774,2,,1.0,28.0,Condo/Apartment,,,1950.0,,"Individual, Electric",,F386,C11,,,1.0,1.0,,,,,,,,,,
775,1,,1.0,15.0,Condo/Apartment,,,1976.0,,"Common, Gas",,E308,E63,,,1.0,1.0,,,,,,,,,,
776,3,2.0,1.0,72.0,House,,,,,Gas,,G502,G109,72 m²,,1.0,2.0,,,,,,,36 m²,,,
777,4,,2.0,101.0,Condo/Apartment,,,1907.0,,Fuel oil,,F361,F77,101 m²,,1.0,1.0,,,,,,,38 m²,,,
778,4,,3.0,91.0,Condo/Apartment,,,1981.0,,Gas,,E271,F59,91 m²,,1.0,1.0,,,,,,,38 m²,,,
779,1,,,37.0,,,,,,,,No data,No data,37 m²,,,,,,,,,,,,,
780,4,,2.0,54.78,Condo/Apartment,,,1900.0,,Electric,,F418,C13,54 m²,,1.0,,,,,,,,,,,
781,3,,1.0,67.0,,,,,,,,No data,No data,67 m²,,1.0,,,,,,,,,,,
782,3,,2.0,65.0,Condo/Apartment,,,1900.0,,Electric,,D215,B6,65 m²,,,1.0,,,,,,,,,,
783,2,,1.0,25.7,Condo/Apartment,,,1900.0,,,,G593,C19,25 m²,,1.0,1.0,,,,,,,,,,
784,1,,,8.11,Condo/Apartment,,,,,"Radiator, Individual, Electric",,G479,G90,,,,,,,,,,,,,,
785,3,,2.0,78.0,Condo/Apartment,,,,,"Radiator, Common, Gas",,E243,E53,,,1.0,1.0,,,,,,,,,,
786,5,,3.0,145.0,Condo/Apartment,,,1840.0,,"Convector, Individual, Electric",,D249,B8,,,1.0,2.0,,,,,,,,,,
787,1,,1.0,28.0,Condo/Apartment,,,1970.0,,"Common, Gas",,D255,D51,,,,1.0,1.0,,,,,,,,,
788,2,,1.0,37.0,Condo/Apartment,,,1880.0,,"Radiator, Individual, Gas",,E316,E68,,,1.0,1.0,,,,,,,,,,
789,1,,,25.02,Condo/Apartment,,,,,Common,,D226,B7,,,,1.0,1.0,,,,,,,,,
790,3,,1.0,60.25,Condo/Apartment,,,1880.0,,"Radiator, Individual, Electric",,D209,C16,,,,1.0,1.0,,,,,,,,,
791,1,,1.0,36.23,Condo/Apartment,,,1978.0,,"Common, Gas",,D224,E47,,,1.0,1.0,,,,,1.0,,,,,
792,6,5.0,4.0,254.84,Condo/Apartment,,,,,"Individual, Electric",,D185,A5,,,2.0,4.0,2.0,,,,1.0,,,,,
793,1,,,13.0,Condo/Apartment,,,,,"Radiator, Common, Fuel oil",,F350,E50,,,,1.0,1.0,,,,,,,,,
794,1,,1.0,14.0,Condo/Apartment,,,,,"Convector, Common, Fuel oil",,F340,F99,,,,1.0,1.0,,,,,,,,,
795,2,,1.0,36.0,Condo/Apartment,,,1900.0,,"Radiator, Individual, Electric",,E232,B7,,,,1.0,1.0,,,,,,,,,
796,2,,1.0,29.96,Condo/Apartment,,,1900.0,,"Radiator, Individual, Electric",,E329,B10,,,,1.0,1.0,,,,,,,,,Calm
797,2,,1.0,35.5,Condo/Apartment,,,,,"Radiator, Common, Gas",,E327,D50,,,,1.0,1.0,,,,,,,,,Calm
798,1,,,18.01,Condo/Apartment,,,1900.0,,"Radiator, Common, Gas",,E319,C32,,,,1.0,1.0,,,,,,,,,
799,2,2.0,1.0,41.46,Condo/Apartment,,,1940.0,,"Individual, Electric",,F347,C11,,,,1.0,1.0,,,,,,,,,
800,2,,1.0,39.0,Condo/Apartment,,,1950.0,,"Radiator, Individual, Electric",,D222,B7,,,1.0,1.0,,,,,,,,,,
801,1,,,19.0,Condo/Apartment,,,1975.0,,"Common, Gas",,E317,E54,,,,1.0,1.0,,,,,,,,,Calm
802,1,,,9.0,Condo/Apartment,,,,,"Radiator, Common, Gas",,F400,F91,,,,,1.0,,,,,,,,,
803,2,,1.0,30.02,Condo/Apartment,,,1951.0,,"Radiator, Individual, Electric",,E320,B11,,,,1.0,1.0,,,,,,,,,Calm
804,2,2.0,1.0,52.37,Condo/Apartment,,,1929.0,,Individual,,C120,A3,,,,1.0,1.0,,,,,,,,,Calm
805,2,2.0,1.0,52.37,Condo/Apartment,,,1929.0,,Individual,,C120,A3,,,,1.0,1.0,,,,,,,,,Calm
806,1,,,24.0,Condo/Apartment,,,1973.0,,"Common, Gas",,No data,No data,,,1.0,1.0,,,,,,,,,,
807,2,,1.0,42.0,Condo/Apartment,,,1973.0,,"Common, Gas",,No data,No data,,,1.0,1.0,,,,,,,,,,
808,2,1.0,1.0,64.0,Condo/Apartment,,,1760.0,,"Individual, Gas",,E290,D30,,,,1.0,1.0,,,,,,,,,
809,2,1.0,1.0,57.0,Condo/Apartment,,,1930.0,,"Convector, Individual, Electric",,E252,D45,,,,1.0,1.0,,,,,,,,,Residential
810,1,,,31.25,Condo/Apartment,,,1890.0,,"Radiant, Individual, Electric",,G693,C22,,,,1.0,1.0,,,,,,,,,
811,2,,2.0,127.0,Condo/Apartment,Requires renovation,,,,,,No data,No data,,,,,,,,,,,,,,Residential
812,2,,,43.0,Condo/Apartment,,,1980.0,,,,D220,B7,,,,,,,,,,,,,,
813,2,,1.0,47.0,Condo/Apartment,,,1965.0,,"Common, Gas",,D221,D47,,,,1.0,,,,,,,,,,
814,2,,1.0,38.0,Condo/Apartment,,,2019.0,,"Individual, Electric",,No data,No data,,,,,,,,,,,,,,
815,2,,1.0,12.0,Condo/Apartment,,,,,Individual,,F486,C15,,,,1.0,,,,,,,,,,
816,4,,3.0,135.0,Condo/Apartment,,,,,"Individual, Gas",,C121,C24,,,1.0,3.0,,,,,,,,,,
817,1,,,37.0,Condo/Apartment,,,,,"Individual, Electric",,E270,B8,,,,1.0,,,,,,,,,,
818,5,,3.0,134.0,Condo/Apartment,,,,,Common,,No data,No data,,,1.0,1.0,,,,,1.0,,,,,
819,1,,,11.0,Condo/Apartment,,,,,Common,,No data,No data,,,,,,,,,,,,,,
820,2,,1.0,36.0,,,,,,,,E275,E64,,,1.0,,,,,,,,,,,
821,5,,3.0,122.0,Condo/Apartment,,,1980.0,,"Common, Gas",,,E53,,,,,,,,,1.0,,,,,
822,1,,,26.0,Condo/Apartment,,,1967.0,,Common,,F374,F80,,,1.0,1.0,,,,,,,,,,
823,5,,3.0,107.0,Condo/Apartment,,,,,"Individual, Electric",,,B6,,,,1.0,,,,,,,,,,
824,7,,4.0,234.0,Condo/Apartment,,,1905.0,,"Individual, Gas",,,C12,,,1.0,2.0,,,,,,,,,,
825,3,,2.0,41.0,Condo/Apartment,,,,,"Individual, Electric",,G428,C14,,,1.0,1.0,,,,,,,,,,
826,1,,,31.0,Condo/Apartment,,,,,Common,,F396,C11,,,,,,,,,1.0,,,,,
827,2,,1.0,33.0,Condo/Apartment,,,1930.0,,"Common, Gas",,E264,D35,,,,1.0,,,,,,,,,,
828,4,,3.0,93.0,Condo/Apartment,,,,,"Individual, Electric",,E287,B9,,,1.0,2.0,,,,,,,,,,
829,2,,1.0,22.0,Condo/Apartment,,,,,"Individual, Electric",,F428,C13,,,,1.0,,,,,,,,,,
830,6,,,174.0,Condo/Apartment,,,1900.0,,Common,,E306,E56,,,,,,,,,,,,,,
831,3,,2.0,50.0,Condo/Apartment,,,,,Common,,E263,D43,,,1.0,1.0,,,,,,,,,,
832,2,,1.0,31.0,Condo/Apartment,,,,,Individual,,D254,B8,,,1.0,1.0,,,,,,,,,,
833,2,,1.0,20.0,Condo/Apartment,,,,,Individual,,C203,A6,,,1.0,1.0,,,,,,,,,,
834,5,,3.0,111.0,Condo/Apartment,,,,,"Common, Gas",,D236,D32,,,1.0,1.0,,,,,,,,,,
835,1,,,13.0,Condo/Apartment,,,,,"Individual, Electric",,F372,C11,,,,1.0,,,,,,,,,,
836,2,,1.0,44.0,Condo/Apartment,,,,,"Individual, Electric",,E301,B9,,,1.0,1.0,,,,,,,,,,
837,2,,1.0,29.0,Condo/Apartment,,,1850.0,,"Individual, Electric",,E293,B9,,,,1.0,,,,,,,,,,
838,2,,,35.0,Condo/Apartment,,,1900.0,,"Individual, Electric",,F382,B12,,,,,,,,,,,,,,
839,1,,,10.0,Condo/Apartment,,,1897.0,,"Individual, Electric",,D388,B12,,,,,,,,,,,,,,
840,3,,2.0,70.0,,,,,,,,No data,No data,,,,,,,,,,,,,,
841,4,,,350.0,,,,,,,,No data,No data,,,,,,,,,,,,,,
842,2,,1.0,55.0,Condo/Apartment,,,1900.0,,,,D228,D49,,,,1.0,,,,,,,,,,
843,3,,2.0,96.0,Condo/Apartment,,,1955.0,,,,D173,D34,,,1.0,,,,,,,,,,,Residential
844,4,,3.0,94.04,Condo/Apartment,,,1955.0,,,,D102,D30,,,1.0,,,,,,,,,,,Residential
845,3,,2.0,91.0,,,,,,,,G465,G105,,,,,,,,,,,,,,
846,5,,3.0,147.12,Condo/Apartment,Requires renovation,,,,"Radiator, Common, Gas",Individual,E269,D49,,Main drainage,,,,,,,,,,,,
847,2,4.0,1.0,36.9,Condo/Apartment,,,1900.0,,"Convector, Individual",Hot water tank,D249,B8,,,,1.0,1.0,,,,,,,,,
848,5,11.0,3.0,120.0,Condo/Apartment,,,2013.0,,,,B,C,,,2.0,2.0,,,,,,,,1.0,2.0,
849,5,8.0,3.0,117.0,Condo/Apartment,,,2011.0,,,,B,C,,,2.0,2.0,,,,,,,,1.0,1.0,
850,2,12.0,1.0,54.0,Condo/Apartment,,,,,"Radiator, Common",,D240,D40,,,1.0,1.0,,,1.0,,2.0,,,,,
851,2,6.0,1.0,42.68,Condo/Apartment,,,,,"Radiator, Common, Gas",,D216,D46,,,,1.0,1.0,,,,1.0,,,,,
852,2,2.0,1.0,44.16,Condo/Apartment,,,,,"Radiator, Individual, Electric",Boiler,G442,C23,,,1.0,1.0,,,,,,,,,,
853,4,6.0,2.0,78.0,Condo/Apartment,,,1900.0,,"Radiator, Individual, Gas",,C141,C27,,,,1.0,1.0,,,,,,,,,
854,1,1.0,,13.0,Condo/Apartment,,,1900.0,,"Radiator, Individual, Electric",Hot water tank,F524,C17,,,,1.0,1.0,,,,,,,,,
855,4,,2.0,96.0,Condo/Apartment,,,,,Gas,,E304,E66,,,1.0,2.0,,,,,,,,,,
856,3,,2.0,55.0,Condo/Apartment,,,,,Gas,,F350,F77,,,,1.0,,,,,,,,,,
857,2,,1.0,19.0,Condo/Apartment,,,,,Electric,,C227,A7,,,,1.0,,,,,,,,,,
858,4,,2.0,73.0,Condo/Apartment,,,,,Gas,,E301,E65,,,,1.0,,,,,,,,,,
859,2,,1.0,36.0,Condo/Apartment,,,,,Electric,,F418,C13,,,,1.0,,,,,,,,,,
860,3,,2.0,55.0,Condo/Apartment,,,,,Electric,,D246,B7,,,,1.0,,,,,,,,,,
861,5,,3.0,110.0,,,,,,,,D211,C13,,,1.0,1.0,,,,,,,,,,
862,3,,2.0,48.0,Condo/Apartment,New,,,,Electric,,C168,A5,,,,3.0,,,,,,,,,,
863,5,,2.0,90.0,Condo/Apartment,,,,,Gas,,E326,E58,,,1.0,1.0,,,,,,,,,,
864,2,,1.0,40.0,Condo/Apartment,,,,,Electric,,E328,B10,,,,1.0,,,,,,,,,,
865,3,,2.0,62.0,Condo/Apartment,,,,,Gas,,E247,E53,,,1.0,1.0,,,,,,,,,,
866,4,,3.0,84.0,Condo/Apartment,,,,,Gas,,C92,C19,,,1.0,2.0,,,,,,1.0,,,,
867,4,,3.0,135.0,Condo/Apartment,,,,,Electric,,D188,B6,,,1.0,2.0,,,,,,1.0,,,,
868,4,4.0,2.0,122.7,Condo/Apartment,Excellent condition,,1900.0,2019.0,"Radiator, Individual, Electric","Hot water tank, Individual",C183,A5,122.7 m²,Main drainage,,,,,,,,,,,,
869,4,4.0,2.0,122.7,Condo/Apartment,Excellent condition,,1900.0,2019.0,"Radiator, Individual, Electric","Hot water tank, Individual",C183,A5,122.7 m²,Main drainage,,,,,,,,,,,,
870,2,5.0,1.0,45.5,Condo/Apartment,Excellent condition,Regular,1800.0,2016.0,"Radiator, Individual, Electric","Hot water tank, Individual",D220,B7,46.3 m²,Main drainage,,,,,,,,,,,,
871,3,5.0,2.0,80.46,Condo/Apartment,Excellent condition,Regular,2019.0,,"Radiator, Individual, Electric","Hot water tank, Individual",C165,A5,94.46 m²,Main drainage,,,,,,,,,,,,
872,2,,1.0,40.0,Condo/Apartment,,,,,Electric,,E276,B9,,,,1.0,,,,,,,,,,
873,1,,,24.0,,,,,,,,E288,E61,,,,,,,,,,,,,,
874,7,,5.0,196.0,,,,,,,,E277,E61,,,1.0,2.0,,,,,,,,,,
875,3,,2.0,71.0,Condo/Apartment,,,,,Gas,,C139,C29,,,,1.0,,,,,,,,,,
876,2,,1.0,47.0,Condo/Apartment,,,,,Electric,,D248,B7,,,,1.0,,,,,,1.0,,,,
877,1,,,19.0,,,,,,,,E330,B9,,,,1.0,,,,,,,,,,
878,2,5.0,1.0,33.59,Condo/Apartment,Requires renovation,,1900.0,,"Convector, Individual, Electric","Hot water tank, Individual",F427,C14,,,,,,,,,,,,,,
879,4,8.0,3.0,85.0,Condo/Apartment,Good condition,,1975.0,,"Central, Common, Gas",,D215,D46,85 m²,,,,,,,,,,,,,
880,4,8.0,2.0,92.0,Condo/Apartment,Excellent condition,,1961.0,2017.0,"Central, Common, Gas",Collective,D245,D44,92.5 m²,,,,,,,,,,,,,
881,6,,4.0,235.0,Condo/Apartment,,,,,"Radiator, Individual, Gas","Boiler, Individual",C52,C12,235 m²,Main drainage,,,,,,,,,,,,
882,6,,4.0,233.4,Condo/Apartment,,,,,"Radiator, Individual, Gas","Boiler, Individual",C52,C12,233.4 m²,Main drainage,,,,,,,,,,,,
883,3,10.0,2.0,70.29,Condo/Apartment,Requires renovation,Regular,1960.0,,"Central, Common, Gas","Boiler, Collective",F346,F76,74.11 m²,Main drainage,,,,,,,,,,,,
884,4,4.0,2.0,70.52,Condo/Apartment,Excellent condition,Luxury,1934.0,2021.0,"Central, Common","Boiler, Collective",D204,D44,70.52 m²,Main drainage,,,,,,,,,,,,
885,5,6.0,3.0,164.49,Condo/Apartment,Requires renovation,,1910.0,,Common,"Boiler, Individual",E313,B10,,Main drainage,,,,,,,,,,,,
886,3,5.0,2.0,86.11,Condo/Apartment,Excellent condition,Luxury,1900.0,2022.0,"Radiator, Individual, Gas","Boiler, Individual",C112,C23,88.44 m²,Main drainage,,,,,,,,,,,,
887,6,,4.0,188.06,Condo/Apartment,Excellent condition,,,,,Collective,D237,D39,,Main drainage,,,,,,,,,,,,
888,7,6.0,3.0,165.0,Condo/Apartment,Requires renovation,,1880.0,,"Central, Individual, Gas","Boiler, Individual",F344,E57,,Main drainage,,,,,,,,,,,,
889,4,9.0,2.0,81.5,Condo/Apartment,Good condition,,1960.0,,"Central, Common, Gas","Boiler, Collective",D224,D45,,Main drainage,,,,,,,,,,,,
890,5,7.0,3.0,134.0,Condo/Apartment,New,,,2024.0,"Radiator, Common, Gas","Boiler, Collective",D203,D49,,Main drainage,,,,,,,,,,,,
891,2,4.0,1.0,55.93,Condo/Apartment,Excellent condition,Luxury,1960.0,2020.0,"Central, Common",Collective,D225,D48,,,,,,,,,,,,,,
892,2,,1.0,34.04,Condo/Apartment,New,,1860.0,2024.0,"Radiator, Individual, Electric","Hot water tank, Individual",E320,B10,34.04 m²,Main drainage,,,,,,,,,,,,
893,4,4.0,2.0,71.88,Condo/Apartment,Requires renovation,,1830.0,2015.0,"Radiator, Individual","Boiler, Individual",E306,B10,73.26 m²,Main drainage,,,,,,,,,,,,
894,5,10.0,4.0,164.6,Condo/Apartment,Requires renovation,Regular,1970.0,,"Central, Common","Hot water tank, Individual",E231,E54,,Main drainage,,,,,,,,,,,,
895,2,6.0,1.0,28.26,Condo/Apartment,Excellent condition,,1825.0,2020.0,"Radiator, Individual, Electric","Hot water tank, Individual",E281,B9,28.26 m²,Main drainage,,,,,,,,,,,,
